code,id,market,flag
689009,1,SH,True
688981,1,SH,True
688819,1,SH,True
688800,1,SH,True
688799,1,SH,True
688798,1,SH,True
688793,1,SH,True
688789,1,SH,True
688788,1,SH,True
688787,1,SH,True
688786,1,SH,True
688779,1,SH,True
688778,1,SH,True
688777,1,SH,True
688776,1,SH,True
688775,1,SH,True
688772,1,SH,True
688768,1,SH,True
688767,1,SH,True
688766,1,SH,True
688758,1,SH,True
688757,1,SH,True
688755,1,SH,True
688750,1,SH,True
688739,1,SH,True
688737,1,SH,True
688733,1,SH,True
688729,1,SH,True
688728,1,SH,True
688726,1,SH,True
688722,1,SH,True
688721,1,SH,True
688720,1,SH,True
688719,1,SH,True
688718,1,SH,True
688717,1,SH,True
688716,1,SH,True
688711,1,SH,True
688710,1,SH,True
688709,1,SH,True
688708,1,SH,True
688707,1,SH,True
688702,1,SH,True
688701,1,SH,True
688700,1,SH,True
688699,1,SH,True
688698,1,SH,True
688697,1,SH,True
688696,1,SH,True
688695,1,SH,True
688693,1,SH,True
688692,1,SH,True
688691,1,SH,True
688690,1,SH,True
688689,1,SH,True
688687,1,SH,True
688686,1,SH,True
688685,1,SH,True
688683,1,SH,True
688682,1,SH,True
688681,1,SH,True
688680,1,SH,True
688679,1,SH,True
688678,1,SH,True
688677,1,SH,True
688676,1,SH,True
688671,1,SH,True
688670,1,SH,True
688669,1,SH,True
688668,1,SH,True
688667,1,SH,True
688665,1,SH,True
688663,1,SH,True
688662,1,SH,True
688661,1,SH,True
688660,1,SH,True
688659,1,SH,True
688658,1,SH,True
688657,1,SH,True
688656,1,SH,True
688655,1,SH,True
688653,1,SH,True
688652,1,SH,True
688651,1,SH,True
688648,1,SH,True
688646,1,SH,True
688639,1,SH,True
688638,1,SH,True
688636,1,SH,True
688633,1,SH,True
688631,1,SH,True
688630,1,SH,True
688629,1,SH,True
688628,1,SH,True
688627,1,SH,True
688626,1,SH,True
688625,1,SH,True
688623,1,SH,True
688622,1,SH,True
688621,1,SH,True
688620,1,SH,True
688619,1,SH,True
688618,1,SH,True
688617,1,SH,True
688616,1,SH,True
688615,1,SH,True
688613,1,SH,True
688612,1,SH,True
688611,1,SH,True
688610,1,SH,True
688609,1,SH,True
688608,1,SH,True
688607,1,SH,True
688606,1,SH,True
688605,1,SH,True
688603,1,SH,True
688602,1,SH,True
688601,1,SH,True
688600,1,SH,True
688599,1,SH,True
688598,1,SH,True
688597,1,SH,True
688596,1,SH,True
688595,1,SH,True
688593,1,SH,True
688592,1,SH,True
688591,1,SH,True
688590,1,SH,True
688589,1,SH,True
688588,1,SH,True
688586,1,SH,True
688585,1,SH,True
688584,1,SH,True
688583,1,SH,True
688582,1,SH,True
688581,1,SH,True
688580,1,SH,True
688579,1,SH,True
688578,1,SH,True
688577,1,SH,True
688576,1,SH,True
688575,1,SH,True
688573,1,SH,True
688571,1,SH,True
688570,1,SH,True
688569,1,SH,True
688568,1,SH,True
688567,1,SH,True
688566,1,SH,True
688565,1,SH,True
688563,1,SH,True
688562,1,SH,True
688561,1,SH,True
688560,1,SH,True
688559,1,SH,True
688558,1,SH,True
688557,1,SH,True
688556,1,SH,True
688555,1,SH,True
688553,1,SH,True
688552,1,SH,True
688551,1,SH,True
688550,1,SH,True
688549,1,SH,True
688548,1,SH,True
688545,1,SH,True
688543,1,SH,True
688539,1,SH,True
688538,1,SH,True
688536,1,SH,True
688535,1,SH,True
688533,1,SH,True
688531,1,SH,True
688530,1,SH,True
688529,1,SH,True
688528,1,SH,True
688526,1,SH,True
688525,1,SH,True
688523,1,SH,True
688522,1,SH,True
688521,1,SH,True
688520,1,SH,True
688519,1,SH,True
688518,1,SH,True
688517,1,SH,True
688516,1,SH,True
688515,1,SH,True
688513,1,SH,True
688512,1,SH,True
688511,1,SH,True
688510,1,SH,True
688509,1,SH,True
688508,1,SH,True
688507,1,SH,True
688506,1,SH,True
688505,1,SH,True
688503,1,SH,True
688502,1,SH,True
688501,1,SH,True
688500,1,SH,True
688499,1,SH,True
688498,1,SH,True
688496,1,SH,True
688489,1,SH,True
688488,1,SH,True
688486,1,SH,True
688485,1,SH,True
688484,1,SH,True
688480,1,SH,True
688479,1,SH,True
688478,1,SH,True
688475,1,SH,True
688472,1,SH,True
688469,1,SH,True
688468,1,SH,True
688466,1,SH,True
688459,1,SH,True
688458,1,SH,True
688456,1,SH,True
688455,1,SH,True
688450,1,SH,True
688449,1,SH,True
688448,1,SH,True
688443,1,SH,True
688439,1,SH,True
688435,1,SH,True
688433,1,SH,True
688432,1,SH,True
688429,1,SH,True
688428,1,SH,True
688426,1,SH,True
688425,1,SH,True
688420,1,SH,True
688419,1,SH,True
688418,1,SH,True
688416,1,SH,True
688411,1,SH,True
688410,1,SH,True
688409,1,SH,True
688408,1,SH,True
688403,1,SH,True
688401,1,SH,True
688400,1,SH,True
688399,1,SH,True
688398,1,SH,True
688396,1,SH,True
688395,1,SH,True
688393,1,SH,True
688392,1,SH,True
688391,1,SH,True
688390,1,SH,True
688389,1,SH,True
688388,1,SH,True
688387,1,SH,True
688386,1,SH,True
688385,1,SH,True
688383,1,SH,True
688382,1,SH,True
688381,1,SH,True
688380,1,SH,True
688379,1,SH,True
688378,1,SH,True
688377,1,SH,True
688376,1,SH,True
688375,1,SH,True
688373,1,SH,True
688372,1,SH,True
688371,1,SH,True
688370,1,SH,True
688369,1,SH,True
688368,1,SH,True
688367,1,SH,True
688366,1,SH,True
688365,1,SH,True
688363,1,SH,True
688362,1,SH,True
688361,1,SH,True
688360,1,SH,True
688359,1,SH,True
688358,1,SH,True
688357,1,SH,True
688356,1,SH,True
688355,1,SH,True
688353,1,SH,True
688352,1,SH,True
688351,1,SH,True
688350,1,SH,True
688349,1,SH,True
688348,1,SH,True
688347,1,SH,True
688345,1,SH,True
688343,1,SH,True
688339,1,SH,True
688338,1,SH,True
688337,1,SH,True
688336,1,SH,True
688335,1,SH,True
688334,1,SH,True
688333,1,SH,True
688332,1,SH,True
688331,1,SH,True
688330,1,SH,True
688329,1,SH,True
688328,1,SH,True
688327,1,SH,True
688326,1,SH,True
688325,1,SH,True
688323,1,SH,True
688322,1,SH,True
688321,1,SH,True
688320,1,SH,True
688319,1,SH,True
688318,1,SH,True
688317,1,SH,True
688316,1,SH,True
688315,1,SH,True
688314,1,SH,True
688313,1,SH,True
688312,1,SH,True
688311,1,SH,True
688310,1,SH,True
688309,1,SH,True
688308,1,SH,True
688307,1,SH,True
688306,1,SH,True
688305,1,SH,True
688303,1,SH,True
688302,1,SH,True
688301,1,SH,True
688300,1,SH,True
688299,1,SH,True
688298,1,SH,True
688297,1,SH,True
688296,1,SH,True
688295,1,SH,True
688293,1,SH,True
688292,1,SH,True
688291,1,SH,True
688290,1,SH,True
688289,1,SH,True
688288,1,SH,True
688287,1,SH,True
688286,1,SH,True
688285,1,SH,True
688283,1,SH,True
688282,1,SH,True
688281,1,SH,True
688280,1,SH,True
688279,1,SH,True
688278,1,SH,True
688277,1,SH,True
688276,1,SH,True
688275,1,SH,True
688273,1,SH,True
688272,1,SH,True
688271,1,SH,True
688270,1,SH,True
688269,1,SH,True
688268,1,SH,True
688267,1,SH,True
688266,1,SH,True
688265,1,SH,True
688262,1,SH,True
688261,1,SH,True
688260,1,SH,True
688259,1,SH,True
688258,1,SH,True
688257,1,SH,True
688256,1,SH,True
688255,1,SH,True
688253,1,SH,True
688252,1,SH,True
688251,1,SH,True
688249,1,SH,True
688248,1,SH,True
688247,1,SH,True
688246,1,SH,True
688244,1,SH,True
688239,1,SH,True
688238,1,SH,True
688237,1,SH,True
688236,1,SH,True
688235,1,SH,True
688234,1,SH,True
688233,1,SH,True
688232,1,SH,True
688231,1,SH,True
688230,1,SH,True
688229,1,SH,True
688228,1,SH,True
688227,1,SH,True
688226,1,SH,True
688225,1,SH,True
688223,1,SH,True
688222,1,SH,True
688221,1,SH,True
688220,1,SH,True
688219,1,SH,True
688218,1,SH,True
688217,1,SH,True
688216,1,SH,True
688215,1,SH,True
688213,1,SH,True
688212,1,SH,True
688211,1,SH,True
688210,1,SH,True
688209,1,SH,True
688208,1,SH,True
688207,1,SH,True
688206,1,SH,True
688205,1,SH,True
688203,1,SH,True
688202,1,SH,True
688201,1,SH,True
688200,1,SH,True
688199,1,SH,True
688198,1,SH,True
688197,1,SH,True
688196,1,SH,True
688195,1,SH,True
688193,1,SH,True
688192,1,SH,True
688191,1,SH,True
688190,1,SH,True
688189,1,SH,True
688188,1,SH,True
688187,1,SH,True
688186,1,SH,True
688185,1,SH,True
688184,1,SH,True
688183,1,SH,True
688182,1,SH,True
688181,1,SH,True
688180,1,SH,True
688179,1,SH,True
688178,1,SH,True
688177,1,SH,True
688176,1,SH,True
688175,1,SH,True
688173,1,SH,True
688172,1,SH,True
688171,1,SH,True
688170,1,SH,True
688169,1,SH,True
688168,1,SH,True
688167,1,SH,True
688166,1,SH,True
688165,1,SH,True
688163,1,SH,True
688162,1,SH,True
688161,1,SH,True
688160,1,SH,True
688159,1,SH,True
688158,1,SH,True
688157,1,SH,True
688156,1,SH,True
688155,1,SH,True
688153,1,SH,True
688152,1,SH,True
688151,1,SH,True
688150,1,SH,True
688148,1,SH,True
688147,1,SH,True
688146,1,SH,True
688143,1,SH,True
688141,1,SH,True
688139,1,SH,True
688138,1,SH,True
688137,1,SH,True
688136,1,SH,True
688135,1,SH,True
688133,1,SH,True
688132,1,SH,True
688131,1,SH,True
688130,1,SH,True
688129,1,SH,True
688128,1,SH,True
688127,1,SH,True
688126,1,SH,True
688125,1,SH,True
688123,1,SH,True
688122,1,SH,True
688121,1,SH,True
688120,1,SH,True
688119,1,SH,True
688118,1,SH,True
688117,1,SH,True
688116,1,SH,True
688115,1,SH,True
688114,1,SH,True
688113,1,SH,True
688112,1,SH,True
688111,1,SH,True
688110,1,SH,True
688109,1,SH,True
688108,1,SH,True
688107,1,SH,True
688106,1,SH,True
688105,1,SH,True
688103,1,SH,True
688102,1,SH,True
688101,1,SH,True
688100,1,SH,True
688099,1,SH,True
688098,1,SH,True
688097,1,SH,True
688096,1,SH,True
688095,1,SH,True
688093,1,SH,True
688092,1,SH,True
688091,1,SH,True
688090,1,SH,True
688089,1,SH,True
688088,1,SH,True
688087,1,SH,True
688086,1,SH,True
688085,1,SH,True
688084,1,SH,True
688083,1,SH,True
688082,1,SH,True
688081,1,SH,True
688080,1,SH,True
688079,1,SH,True
688078,1,SH,True
688077,1,SH,True
688076,1,SH,True
688075,1,SH,True
688073,1,SH,True
688072,1,SH,True
688071,1,SH,True
688070,1,SH,True
688069,1,SH,True
688068,1,SH,True
688067,1,SH,True
688066,1,SH,True
688065,1,SH,True
688063,1,SH,True
688062,1,SH,True
688061,1,SH,True
688060,1,SH,True
688059,1,SH,True
688058,1,SH,True
688057,1,SH,True
688056,1,SH,True
688055,1,SH,True
688053,1,SH,True
688052,1,SH,True
688051,1,SH,True
688050,1,SH,True
688049,1,SH,True
688048,1,SH,True
688047,1,SH,True
688046,1,SH,True
688045,1,SH,True
688041,1,SH,True
688039,1,SH,True
688038,1,SH,True
688037,1,SH,True
688036,1,SH,True
688035,1,SH,True
688033,1,SH,True
688032,1,SH,True
688031,1,SH,True
688030,1,SH,True
688029,1,SH,True
688028,1,SH,True
688027,1,SH,True
688026,1,SH,True
688025,1,SH,True
688023,1,SH,True
688022,1,SH,True
688021,1,SH,True
688020,1,SH,True
688019,1,SH,True
688018,1,SH,True
688017,1,SH,True
688016,1,SH,True
688015,1,SH,True
688013,1,SH,True
688012,1,SH,True
688011,1,SH,True
688010,1,SH,True
688009,1,SH,True
688008,1,SH,True
688007,1,SH,True
688006,1,SH,True
688005,1,SH,True
688004,1,SH,True
688003,1,SH,True
688002,1,SH,True
688001,1,SH,True
605599,1,SH,True
605598,1,SH,True
605589,1,SH,True
605588,1,SH,True
605580,1,SH,True
605577,1,SH,True
605567,1,SH,True
605566,1,SH,True
605555,1,SH,True
605507,1,SH,True
605500,1,SH,True
605499,1,SH,True
605488,1,SH,True
605399,1,SH,True
605398,1,SH,True
605389,1,SH,True
605388,1,SH,True
605378,1,SH,True
605377,1,SH,True
605376,1,SH,True
605369,1,SH,True
605368,1,SH,True
605366,1,SH,True
605365,1,SH,True
605358,1,SH,True
605339,1,SH,True
605338,1,SH,True
605337,1,SH,True
605336,1,SH,True
605333,1,SH,True
605319,1,SH,True
605318,1,SH,True
605305,1,SH,True
605303,1,SH,True
605300,1,SH,True
605299,1,SH,True
605298,1,SH,True
605296,1,SH,True
605289,1,SH,True
605288,1,SH,True
605287,1,SH,True
605286,1,SH,True
605277,1,SH,True
605268,1,SH,True
605266,1,SH,True
605259,1,SH,True
605258,1,SH,True
605255,1,SH,True
605228,1,SH,True
605222,1,SH,True
605218,1,SH,True
605208,1,SH,True
605199,1,SH,True
605198,1,SH,True
605196,1,SH,True
605189,1,SH,True
605188,1,SH,True
605186,1,SH,True
605183,1,SH,True
605180,1,SH,True
605179,1,SH,True
605178,1,SH,True
605177,1,SH,True
605169,1,SH,True
605168,1,SH,True
605167,1,SH,True
605166,1,SH,True
605162,1,SH,True
605158,1,SH,True
605155,1,SH,True
605151,1,SH,True
605138,1,SH,True
605136,1,SH,True
605133,1,SH,True
605128,1,SH,True
605123,1,SH,True
605122,1,SH,True
605118,1,SH,True
605117,1,SH,True
605116,1,SH,True
605111,1,SH,True
605108,1,SH,True
605100,1,SH,True
605099,1,SH,True
605098,1,SH,True
605090,1,SH,True
605089,1,SH,True
605088,1,SH,True
605086,1,SH,True
605081,1,SH,True
605080,1,SH,True
605077,1,SH,True
605069,1,SH,True
605068,1,SH,True
605066,1,SH,True
605060,1,SH,True
605058,1,SH,True
605056,1,SH,True
605055,1,SH,True
605050,1,SH,True
605033,1,SH,True
605028,1,SH,True
605020,1,SH,True
605018,1,SH,True
605016,1,SH,True
605011,1,SH,True
605009,1,SH,True
605008,1,SH,True
605007,1,SH,True
605006,1,SH,True
605005,1,SH,True
605003,1,SH,True
605001,1,SH,True
603999,1,SH,True
603998,1,SH,True
603997,1,SH,True
603996,1,SH,True
603995,1,SH,True
603993,1,SH,True
603992,1,SH,True
603991,1,SH,True
603990,1,SH,True
603989,1,SH,True
603988,1,SH,True
603987,1,SH,True
603986,1,SH,True
603985,1,SH,True
603983,1,SH,True
603982,1,SH,True
603980,1,SH,True
603979,1,SH,True
603978,1,SH,True
603977,1,SH,True
603976,1,SH,True
603970,1,SH,True
603969,1,SH,True
603968,1,SH,True
603967,1,SH,True
603966,1,SH,True
603963,1,SH,True
603960,1,SH,True
603959,1,SH,True
603958,1,SH,True
603956,1,SH,True
603955,1,SH,True
603950,1,SH,True
603949,1,SH,True
603948,1,SH,True
603939,1,SH,True
603938,1,SH,True
603937,1,SH,True
603936,1,SH,True
603933,1,SH,True
603931,1,SH,True
603929,1,SH,True
603928,1,SH,True
603927,1,SH,True
603926,1,SH,True
603922,1,SH,True
603920,1,SH,True
603919,1,SH,True
603918,1,SH,True
603917,1,SH,True
603916,1,SH,True
603915,1,SH,True
603912,1,SH,True
603909,1,SH,True
603908,1,SH,True
603906,1,SH,True
603903,1,SH,True
603901,1,SH,True
603900,1,SH,True
603899,1,SH,True
603898,1,SH,True
603897,1,SH,True
603896,1,SH,True
603895,1,SH,True
603893,1,SH,True
603890,1,SH,True
603889,1,SH,True
603888,1,SH,True
603887,1,SH,True
603886,1,SH,True
603885,1,SH,True
603883,1,SH,True
603882,1,SH,True
603881,1,SH,True
603880,1,SH,True
603879,1,SH,True
603878,1,SH,True
603877,1,SH,True
603876,1,SH,True
603871,1,SH,True
603869,1,SH,True
603868,1,SH,True
603867,1,SH,True
603866,1,SH,True
603863,1,SH,True
603861,1,SH,True
603860,1,SH,True
603859,1,SH,True
603858,1,SH,True
603856,1,SH,True
603855,1,SH,True
603848,1,SH,True
603843,1,SH,True
603839,1,SH,True
603838,1,SH,True
603836,1,SH,True
603833,1,SH,True
603829,1,SH,True
603828,1,SH,True
603826,1,SH,True
603825,1,SH,True
603823,1,SH,True
603822,1,SH,True
603819,1,SH,True
603818,1,SH,True
603817,1,SH,True
603816,1,SH,True
603815,1,SH,True
603813,1,SH,True
603811,1,SH,True
603810,1,SH,True
603809,1,SH,True
603808,1,SH,True
603806,1,SH,True
603803,1,SH,True
603801,1,SH,True
603800,1,SH,True
603799,1,SH,True
603798,1,SH,True
603797,1,SH,True
603790,1,SH,True
603789,1,SH,True
603788,1,SH,True
603787,1,SH,True
603786,1,SH,True
603779,1,SH,True
603778,1,SH,True
603777,1,SH,True
603776,1,SH,True
603773,1,SH,True
603768,1,SH,True
603767,1,SH,True
603766,1,SH,True
603759,1,SH,True
603758,1,SH,True
603757,1,SH,True
603755,1,SH,True
603739,1,SH,True
603738,1,SH,True
603737,1,SH,True
603733,1,SH,True
603730,1,SH,True
603729,1,SH,True
603728,1,SH,True
603727,1,SH,True
603726,1,SH,True
603725,1,SH,True
603722,1,SH,True
603721,1,SH,True
603719,1,SH,True
603718,1,SH,True
603717,1,SH,True
603716,1,SH,True
603713,1,SH,True
603712,1,SH,True
603711,1,SH,True
603709,1,SH,True
603708,1,SH,True
603707,1,SH,True
603706,1,SH,True
603703,1,SH,True
603701,1,SH,True
603700,1,SH,True
603699,1,SH,True
603698,1,SH,True
603697,1,SH,True
603696,1,SH,True
603693,1,SH,True
603690,1,SH,True
603689,1,SH,True
603688,1,SH,True
603687,1,SH,True
603686,1,SH,True
603685,1,SH,True
603683,1,SH,True
603682,1,SH,True
603681,1,SH,True
603680,1,SH,True
603679,1,SH,True
603678,1,SH,True
603677,1,SH,True
603676,1,SH,True
603669,1,SH,True
603668,1,SH,True
603667,1,SH,True
603666,1,SH,True
603665,1,SH,True
603663,1,SH,True
603662,1,SH,True
603661,1,SH,True
603660,1,SH,True
603659,1,SH,True
603658,1,SH,True
603657,1,SH,True
603656,1,SH,True
603655,1,SH,True
603650,1,SH,True
603648,1,SH,True
603639,1,SH,True
603638,1,SH,True
603637,1,SH,True
603636,1,SH,True
603633,1,SH,True
603630,1,SH,True
603629,1,SH,True
603628,1,SH,True
603626,1,SH,True
603619,1,SH,True
603618,1,SH,True
603617,1,SH,True
603616,1,SH,True
603615,1,SH,True
603613,1,SH,True
603612,1,SH,True
603611,1,SH,True
603610,1,SH,True
603609,1,SH,True
603608,1,SH,True
603607,1,SH,True
603606,1,SH,True
603605,1,SH,True
603603,1,SH,True
603602,1,SH,True
603601,1,SH,True
603600,1,SH,True
603599,1,SH,True
603598,1,SH,True
603596,1,SH,True
603595,1,SH,True
603590,1,SH,True
603589,1,SH,True
603588,1,SH,True
603587,1,SH,True
603586,1,SH,True
603585,1,SH,True
603583,1,SH,True
603580,1,SH,True
603579,1,SH,True
603578,1,SH,True
603577,1,SH,True
603569,1,SH,True
603568,1,SH,True
603567,1,SH,True
603566,1,SH,True
603565,1,SH,True
603559,1,SH,True
603558,1,SH,True
603557,1,SH,True
603556,1,SH,True
603555,1,SH,True
603551,1,SH,True
603538,1,SH,True
603536,1,SH,True
603535,1,SH,True
603533,1,SH,True
603530,1,SH,True
603529,1,SH,True
603528,1,SH,True
603527,1,SH,True
603520,1,SH,True
603519,1,SH,True
603518,1,SH,True
603517,1,SH,True
603516,1,SH,True
603515,1,SH,True
603511,1,SH,True
603508,1,SH,True
603507,1,SH,True
603506,1,SH,True
603505,1,SH,True
603501,1,SH,True
603500,1,SH,True
603499,1,SH,True
603496,1,SH,True
603489,1,SH,True
603488,1,SH,True
603486,1,SH,True
603477,1,SH,True
603466,1,SH,True
603458,1,SH,True
603456,1,SH,True
603444,1,SH,True
603439,1,SH,True
603429,1,SH,True
603421,1,SH,True
603416,1,SH,True
603409,1,SH,True
603408,1,SH,True
603406,1,SH,True
603400,1,SH,True
603399,1,SH,True
603398,1,SH,True
603396,1,SH,True
603395,1,SH,True
603393,1,SH,True
603392,1,SH,True
603391,1,SH,True
603390,1,SH,True
603389,1,SH,True
603388,1,SH,True
603387,1,SH,True
603386,1,SH,True
603385,1,SH,True
603383,1,SH,True
603382,1,SH,True
603381,1,SH,True
603380,1,SH,True
603379,1,SH,True
603378,1,SH,True
603377,1,SH,True
603375,1,SH,True
603373,1,SH,True
603370,1,SH,False
603369,1,SH,True
603368,1,SH,True
603367,1,SH,True
603366,1,SH,True
603365,1,SH,True
603363,1,SH,True
603360,1,SH,True
603359,1,SH,True
603358,1,SH,True
603357,1,SH,True
603356,1,SH,True
603355,1,SH,True
603353,1,SH,True
603351,1,SH,True
603350,1,SH,True
603348,1,SH,True
603345,1,SH,True
603344,1,SH,True
603341,1,SH,True
603339,1,SH,True
603338,1,SH,True
603337,1,SH,True
603336,1,SH,True
603335,1,SH,True
603333,1,SH,True
603332,1,SH,True
603331,1,SH,True
603330,1,SH,True
603329,1,SH,True
603328,1,SH,True
603327,1,SH,True
603326,1,SH,True
603325,1,SH,True
603324,1,SH,True
603323,1,SH,True
603322,1,SH,True
603321,1,SH,True
603320,1,SH,True
603319,1,SH,True
603318,1,SH,True
603317,1,SH,True
603316,1,SH,True
603315,1,SH,True
603313,1,SH,True
603312,1,SH,True
603311,1,SH,True
603310,1,SH,True
603309,1,SH,True
603308,1,SH,True
603307,1,SH,True
603306,1,SH,True
603305,1,SH,True
603303,1,SH,True
603301,1,SH,True
603300,1,SH,True
603299,1,SH,True
603298,1,SH,True
603297,1,SH,True
603296,1,SH,True
603291,1,SH,True
603290,1,SH,True
603289,1,SH,True
603288,1,SH,True
603286,1,SH,True
603285,1,SH,True
603283,1,SH,True
603282,1,SH,True
603281,1,SH,True
603280,1,SH,True
603279,1,SH,True
603278,1,SH,True
603277,1,SH,True
603276,1,SH,True
603275,1,SH,True
603273,1,SH,True
603272,1,SH,True
603271,1,SH,True
603270,1,SH,True
603269,1,SH,True
603268,1,SH,True
603267,1,SH,True
603266,1,SH,True
603262,1,SH,True
603261,1,SH,True
603260,1,SH,True
603259,1,SH,True
603258,1,SH,True
603257,1,SH,True
603256,1,SH,True
603255,1,SH,True
603239,1,SH,True
603238,1,SH,True
603237,1,SH,True
603236,1,SH,True
603235,1,SH,True
603233,1,SH,True
603232,1,SH,True
603231,1,SH,True
603230,1,SH,True
603229,1,SH,True
603228,1,SH,True
603227,1,SH,True
603226,1,SH,True
603225,1,SH,True
603223,1,SH,True
603222,1,SH,True
603221,1,SH,True
603220,1,SH,True
603219,1,SH,True
603218,1,SH,True
603217,1,SH,True
603216,1,SH,True
603215,1,SH,True
603214,1,SH,True
603213,1,SH,True
603212,1,SH,True
603211,1,SH,True
603210,1,SH,True
603209,1,SH,True
603208,1,SH,True
603207,1,SH,True
603206,1,SH,True
603205,1,SH,True
603203,1,SH,True
603202,1,SH,True
603201,1,SH,True
603200,1,SH,True
603199,1,SH,True
603198,1,SH,True
603197,1,SH,True
603196,1,SH,True
603195,1,SH,True
603194,1,SH,True
603193,1,SH,True
603192,1,SH,True
603191,1,SH,True
603190,1,SH,True
603189,1,SH,True
603188,1,SH,True
603187,1,SH,True
603186,1,SH,True
603185,1,SH,True
603183,1,SH,True
603182,1,SH,True
603181,1,SH,True
603180,1,SH,True
603179,1,SH,True
603178,1,SH,True
603177,1,SH,True
603176,1,SH,True
603173,1,SH,True
603172,1,SH,True
603171,1,SH,True
603170,1,SH,True
603169,1,SH,True
603168,1,SH,True
603167,1,SH,True
603166,1,SH,True
603165,1,SH,True
603163,1,SH,True
603162,1,SH,True
603161,1,SH,True
603160,1,SH,True
603159,1,SH,True
603158,1,SH,True
603157,1,SH,True
603156,1,SH,True
603155,1,SH,True
603153,1,SH,True
603151,1,SH,True
603150,1,SH,True
603139,1,SH,True
603138,1,SH,True
603137,1,SH,True
603136,1,SH,True
603135,1,SH,True
603133,1,SH,True
603132,1,SH,True
603131,1,SH,True
603130,1,SH,True
603129,1,SH,True
603128,1,SH,True
603127,1,SH,True
603126,1,SH,True
603125,1,SH,True
603124,1,SH,True
603123,1,SH,True
603122,1,SH,True
603121,1,SH,True
603120,1,SH,True
603119,1,SH,True
603118,1,SH,True
603117,1,SH,True
603116,1,SH,True
603115,1,SH,True
603113,1,SH,True
603112,1,SH,True
603111,1,SH,True
603110,1,SH,True
603109,1,SH,True
603108,1,SH,True
603107,1,SH,True
603106,1,SH,True
603105,1,SH,True
603103,1,SH,True
603102,1,SH,True
603101,1,SH,True
603100,1,SH,True
603099,1,SH,True
603098,1,SH,True
603097,1,SH,True
603096,1,SH,True
603095,1,SH,True
603093,1,SH,True
603091,1,SH,True
603090,1,SH,True
603089,1,SH,True
603088,1,SH,True
603087,1,SH,True
603086,1,SH,True
603085,1,SH,True
603083,1,SH,True
603082,1,SH,True
603081,1,SH,True
603080,1,SH,True
603079,1,SH,True
603078,1,SH,True
603077,1,SH,True
603076,1,SH,True
603075,1,SH,True
603073,1,SH,True
603072,1,SH,True
603071,1,SH,True
603070,1,SH,True
603069,1,SH,True
603068,1,SH,True
603067,1,SH,True
603066,1,SH,True
603065,1,SH,True
603063,1,SH,True
603062,1,SH,True
603061,1,SH,True
603060,1,SH,True
603059,1,SH,True
603058,1,SH,True
603057,1,SH,True
603056,1,SH,True
603055,1,SH,True
603053,1,SH,True
603052,1,SH,True
603051,1,SH,True
603050,1,SH,True
603049,1,SH,True
603048,1,SH,True
603045,1,SH,True
603043,1,SH,True
603042,1,SH,True
603041,1,SH,True
603040,1,SH,True
603039,1,SH,True
603038,1,SH,True
603037,1,SH,True
603036,1,SH,True
603035,1,SH,True
603033,1,SH,True
603032,1,SH,True
603031,1,SH,True
603030,1,SH,True
603029,1,SH,True
603028,1,SH,True
603027,1,SH,True
603026,1,SH,True
603025,1,SH,True
603023,1,SH,True
603022,1,SH,True
603021,1,SH,True
603020,1,SH,True
603019,1,SH,True
603018,1,SH,True
603017,1,SH,True
603016,1,SH,True
603015,1,SH,True
603014,1,SH,True
603013,1,SH,True
603012,1,SH,True
603011,1,SH,True
603010,1,SH,True
603009,1,SH,True
603008,1,SH,True
603007,1,SH,True
603006,1,SH,True
603005,1,SH,True
603004,1,SH,True
603003,1,SH,True
603002,1,SH,True
603001,1,SH,True
603000,1,SH,True
601999,1,SH,True
601998,1,SH,True
601997,1,SH,True
601996,1,SH,True
601995,1,SH,True
601992,1,SH,True
601991,1,SH,True
601990,1,SH,True
601989,1,SH,True
601988,1,SH,True
601985,1,SH,True
601975,1,SH,True
601969,1,SH,True
601968,1,SH,True
601966,1,SH,True
601965,1,SH,True
601963,1,SH,True
601958,1,SH,True
601956,1,SH,True
601952,1,SH,True
601949,1,SH,True
601939,1,SH,True
601933,1,SH,True
601929,1,SH,True
601928,1,SH,True
601921,1,SH,True
601919,1,SH,True
601918,1,SH,True
601916,1,SH,True
601908,1,SH,True
601901,1,SH,True
601900,1,SH,True
601899,1,SH,True
601898,1,SH,True
601890,1,SH,True
601888,1,SH,True
601886,1,SH,True
601882,1,SH,True
601881,1,SH,True
601880,1,SH,True
601878,1,SH,True
601877,1,SH,True
601872,1,SH,True
601869,1,SH,True
601868,1,SH,True
601866,1,SH,True
601865,1,SH,True
601860,1,SH,True
601858,1,SH,True
601857,1,SH,True
601838,1,SH,True
601828,1,SH,True
601827,1,SH,True
601825,1,SH,True
601818,1,SH,True
601816,1,SH,True
601811,1,SH,True
601808,1,SH,True
601801,1,SH,True
601800,1,SH,True
601799,1,SH,True
601798,1,SH,True
601789,1,SH,True
601788,1,SH,True
601778,1,SH,True
601777,1,SH,True
601766,1,SH,True
601728,1,SH,True
601727,1,SH,True
601718,1,SH,True
601717,1,SH,True
601702,1,SH,True
601700,1,SH,True
601699,1,SH,True
601698,1,SH,True
601696,1,SH,True
601689,1,SH,True
601688,1,SH,True
601686,1,SH,True
601678,1,SH,True
601677,1,SH,True
601669,1,SH,True
601668,1,SH,True
601666,1,SH,True
601665,1,SH,True
601658,1,SH,True
601636,1,SH,True
601633,1,SH,True
601628,1,SH,True
601619,1,SH,True
601618,1,SH,True
601616,1,SH,True
601615,1,SH,True
601611,1,SH,True
601609,1,SH,True
601608,1,SH,True
601607,1,SH,True
601606,1,SH,True
601601,1,SH,True
601600,1,SH,True
601599,1,SH,True
601598,1,SH,True
601595,1,SH,True
601588,1,SH,True
601579,1,SH,True
601577,1,SH,True
601568,1,SH,True
601567,1,SH,True
601566,1,SH,True
601558,1,SH,True
601555,1,SH,True
601528,1,SH,True
601519,1,SH,True
601518,1,SH,True
601515,1,SH,True
601512,1,SH,True
601500,1,SH,True
601456,1,SH,True
601399,1,SH,True
601398,1,SH,True
601390,1,SH,True
601388,1,SH,True
601377,1,SH,True
601375,1,SH,True
601369,1,SH,True
601368,1,SH,True
601366,1,SH,True
601360,1,SH,True
601339,1,SH,True
601336,1,SH,True
601333,1,SH,True
601330,1,SH,True
601328,1,SH,True
601326,1,SH,True
601319,1,SH,True
601318,1,SH,True
601311,1,SH,True
601299,1,SH,True
601298,1,SH,True
601288,1,SH,True
601279,1,SH,True
601268,1,SH,True
601258,1,SH,True
601238,1,SH,True
601236,1,SH,True
601233,1,SH,True
601231,1,SH,True
601229,1,SH,True
601228,1,SH,True
601226,1,SH,True
601225,1,SH,True
601222,1,SH,True
601218,1,SH,True
601216,1,SH,True
601212,1,SH,True
601211,1,SH,True
601208,1,SH,True
601200,1,SH,True
601199,1,SH,True
601198,1,SH,True
601188,1,SH,True
601187,1,SH,True
601186,1,SH,True
601179,1,SH,True
601177,1,SH,True
601169,1,SH,True
601168,1,SH,True
601166,1,SH,True
601163,1,SH,True
601162,1,SH,True
601158,1,SH,True
601156,1,SH,True
601155,1,SH,True
601139,1,SH,True
601138,1,SH,True
601137,1,SH,True
601136,1,SH,True
601133,1,SH,True
601128,1,SH,True
601127,1,SH,True
601126,1,SH,True
601121,1,SH,True
601118,1,SH,True
601117,1,SH,True
601116,1,SH,True
601113,1,SH,True
601111,1,SH,True
601108,1,SH,True
601107,1,SH,True
601106,1,SH,True
601101,1,SH,True
601100,1,SH,True
601099,1,SH,True
601098,1,SH,True
601096,1,SH,True
601089,1,SH,True
601088,1,SH,True
601086,1,SH,True
601083,1,SH,True
601077,1,SH,True
601069,1,SH,True
601068,1,SH,True
601066,1,SH,True
601065,1,SH,True
601061,1,SH,True
601059,1,SH,True
601058,1,SH,True
601038,1,SH,True
601033,1,SH,True
601028,1,SH,True
601022,1,SH,True
601021,1,SH,True
601020,1,SH,True
601019,1,SH,True
601018,1,SH,True
601016,1,SH,True
601015,1,SH,True
601012,1,SH,True
601011,1,SH,True
601010,1,SH,True
601009,1,SH,True
601008,1,SH,True
601007,1,SH,True
601006,1,SH,True
601005,1,SH,True
601003,1,SH,True
601002,1,SH,True
601001,1,SH,True
601000,1,SH,True
600999,1,SH,True
600998,1,SH,True
600997,1,SH,True
600996,1,SH,True
600995,1,SH,True
600993,1,SH,True
600992,1,SH,True
600991,1,SH,True
600990,1,SH,True
600989,1,SH,True
600988,1,SH,True
600987,1,SH,True
600986,1,SH,True
600985,1,SH,True
600984,1,SH,True
600983,1,SH,True
600982,1,SH,True
600981,1,SH,True
600980,1,SH,True
600979,1,SH,True
600978,1,SH,True
600977,1,SH,True
600976,1,SH,True
600975,1,SH,True
600973,1,SH,True
600971,1,SH,True
600970,1,SH,True
600969,1,SH,True
600968,1,SH,True
600967,1,SH,True
600966,1,SH,True
600965,1,SH,True
600963,1,SH,True
600962,1,SH,True
600961,1,SH,True
600960,1,SH,True
600959,1,SH,True
600958,1,SH,True
600956,1,SH,True
600955,1,SH,True
600941,1,SH,True
600939,1,SH,True
600938,1,SH,True
600936,1,SH,True
600935,1,SH,True
600933,1,SH,True
600930,1,SH,True
600929,1,SH,True
600928,1,SH,True
600927,1,SH,True
600926,1,SH,True
600925,1,SH,True
600919,1,SH,True
600918,1,SH,True
600917,1,SH,True
600916,1,SH,True
600909,1,SH,True
600908,1,SH,True
600906,1,SH,True
600905,1,SH,True
600903,1,SH,True
600901,1,SH,True
600900,1,SH,True
600899,1,SH,True
600898,1,SH,True
600897,1,SH,True
600896,1,SH,True
600895,1,SH,True
600894,1,SH,True
600893,1,SH,True
600892,1,SH,True
600891,1,SH,True
600890,1,SH,True
600889,1,SH,True
600888,1,SH,True
600887,1,SH,True
600886,1,SH,True
600885,1,SH,True
600884,1,SH,True
600883,1,SH,True
600882,1,SH,True
600881,1,SH,True
600880,1,SH,True
600879,1,SH,True
600878,1,SH,True
600877,1,SH,True
600876,1,SH,True
600875,1,SH,True
600874,1,SH,True
600873,1,SH,True
600872,1,SH,True
600871,1,SH,True
600870,1,SH,True
600869,1,SH,True
600868,1,SH,True
600867,1,SH,True
600866,1,SH,True
600865,1,SH,True
600864,1,SH,True
600863,1,SH,True
600862,1,SH,True
600861,1,SH,True
600860,1,SH,True
600859,1,SH,True
600858,1,SH,True
600857,1,SH,True
600856,1,SH,True
600855,1,SH,True
600854,1,SH,True
600853,1,SH,True
600852,1,SH,True
600851,1,SH,True
600850,1,SH,True
600849,1,SH,True
600848,1,SH,True
600847,1,SH,True
600846,1,SH,True
600845,1,SH,True
600844,1,SH,True
600843,1,SH,True
600842,1,SH,True
600841,1,SH,True
600840,1,SH,True
600839,1,SH,True
600838,1,SH,True
600837,1,SH,True
600836,1,SH,True
600835,1,SH,True
600834,1,SH,True
600833,1,SH,True
600832,1,SH,True
600831,1,SH,True
600830,1,SH,True
600829,1,SH,True
600828,1,SH,True
600827,1,SH,True
600826,1,SH,True
600825,1,SH,True
600824,1,SH,True
600823,1,SH,True
600822,1,SH,True
600821,1,SH,True
600820,1,SH,True
600819,1,SH,True
600818,1,SH,True
600817,1,SH,True
600816,1,SH,True
600815,1,SH,True
600814,1,SH,True
600813,1,SH,True
600812,1,SH,True
600811,1,SH,True
600810,1,SH,True
600809,1,SH,True
600808,1,SH,True
600807,1,SH,True
600806,1,SH,True
600805,1,SH,True
600804,1,SH,True
600803,1,SH,True
600802,1,SH,True
600801,1,SH,True
600800,1,SH,True
600799,1,SH,True
600798,1,SH,True
600797,1,SH,True
600796,1,SH,True
600795,1,SH,True
600794,1,SH,True
600793,1,SH,True
600792,1,SH,True
600791,1,SH,True
600790,1,SH,True
600789,1,SH,True
600788,1,SH,True
600787,1,SH,True
600786,1,SH,True
600785,1,SH,True
600784,1,SH,True
600783,1,SH,True
600782,1,SH,True
600781,1,SH,True
600780,1,SH,True
600779,1,SH,True
600778,1,SH,True
600777,1,SH,True
600776,1,SH,True
600775,1,SH,True
600774,1,SH,True
600773,1,SH,True
600772,1,SH,True
600771,1,SH,True
600770,1,SH,True
600769,1,SH,True
600768,1,SH,True
600767,1,SH,True
600766,1,SH,True
600765,1,SH,True
600764,1,SH,True
600763,1,SH,True
600762,1,SH,True
600761,1,SH,True
600760,1,SH,True
600759,1,SH,True
600758,1,SH,True
600757,1,SH,True
600756,1,SH,True
600755,1,SH,True
600754,1,SH,True
600753,1,SH,True
600752,1,SH,True
600751,1,SH,True
600750,1,SH,True
600749,1,SH,True
600748,1,SH,True
600747,1,SH,True
600746,1,SH,True
600745,1,SH,True
600744,1,SH,True
600743,1,SH,True
600742,1,SH,True
600741,1,SH,True
600740,1,SH,True
600739,1,SH,True
600738,1,SH,True
600737,1,SH,True
600736,1,SH,True
600735,1,SH,True
600734,1,SH,True
600733,1,SH,True
600732,1,SH,True
600731,1,SH,True
600730,1,SH,True
600729,1,SH,True
600728,1,SH,True
600727,1,SH,True
600726,1,SH,True
600725,1,SH,True
600724,1,SH,True
600723,1,SH,True
600722,1,SH,True
600721,1,SH,True
600720,1,SH,True
600719,1,SH,True
600718,1,SH,True
600717,1,SH,True
600716,1,SH,True
600715,1,SH,True
600714,1,SH,True
600713,1,SH,True
600712,1,SH,True
600711,1,SH,True
600710,1,SH,True
600709,1,SH,True
600708,1,SH,True
600707,1,SH,True
600706,1,SH,True
600705,1,SH,True
600704,1,SH,True
600703,1,SH,True
600702,1,SH,True
600701,1,SH,True
600700,1,SH,True
600699,1,SH,True
600698,1,SH,True
600697,1,SH,True
600696,1,SH,True
600695,1,SH,True
600694,1,SH,True
600693,1,SH,True
600692,1,SH,True
600691,1,SH,True
600690,1,SH,True
600689,1,SH,True
600688,1,SH,True
600687,1,SH,True
600686,1,SH,True
600685,1,SH,True
600684,1,SH,True
600683,1,SH,True
600682,1,SH,True
600681,1,SH,True
600680,1,SH,True
600679,1,SH,True
600678,1,SH,True
600677,1,SH,True
600676,1,SH,True
600675,1,SH,True
600674,1,SH,True
600673,1,SH,True
600672,1,SH,True
600671,1,SH,True
600670,1,SH,True
600669,1,SH,True
600668,1,SH,True
600667,1,SH,True
600666,1,SH,True
600665,1,SH,True
600664,1,SH,True
600663,1,SH,True
600662,1,SH,True
600661,1,SH,True
600660,1,SH,True
600659,1,SH,True
600658,1,SH,True
600657,1,SH,True
600656,1,SH,True
600655,1,SH,True
600654,1,SH,True
600653,1,SH,True
600652,1,SH,True
600651,1,SH,True
600650,1,SH,True
600649,1,SH,True
600648,1,SH,True
600647,1,SH,True
600646,1,SH,True
600645,1,SH,True
600644,1,SH,True
600643,1,SH,True
600642,1,SH,True
600641,1,SH,True
600640,1,SH,True
600639,1,SH,True
600638,1,SH,True
600637,1,SH,True
600636,1,SH,True
600635,1,SH,True
600634,1,SH,True
600633,1,SH,True
600632,1,SH,True
600631,1,SH,True
600630,1,SH,True
600629,1,SH,True
600628,1,SH,True
600627,1,SH,True
600626,1,SH,True
600625,1,SH,True
600624,1,SH,True
600623,1,SH,True
600622,1,SH,True
600621,1,SH,True
600620,1,SH,True
600619,1,SH,True
600618,1,SH,True
600617,1,SH,True
600616,1,SH,True
600615,1,SH,True
600614,1,SH,True
600613,1,SH,True
600612,1,SH,True
600611,1,SH,True
600610,1,SH,True
600609,1,SH,True
600608,1,SH,True
600607,1,SH,True
600606,1,SH,True
600605,1,SH,True
600604,1,SH,True
600603,1,SH,True
600602,1,SH,True
600601,1,SH,True
600600,1,SH,True
600599,1,SH,True
600598,1,SH,True
600597,1,SH,True
600596,1,SH,True
600595,1,SH,True
600594,1,SH,True
600593,1,SH,True
600592,1,SH,True
600591,1,SH,True
600590,1,SH,True
600589,1,SH,True
600588,1,SH,True
600587,1,SH,True
600586,1,SH,True
600585,1,SH,True
600584,1,SH,True
600583,1,SH,True
600582,1,SH,True
600581,1,SH,True
600580,1,SH,True
600579,1,SH,True
600578,1,SH,True
600577,1,SH,True
600576,1,SH,True
600575,1,SH,True
600573,1,SH,True
600572,1,SH,True
600571,1,SH,True
600570,1,SH,True
600569,1,SH,True
600568,1,SH,True
600567,1,SH,True
600566,1,SH,True
600565,1,SH,True
600563,1,SH,True
600562,1,SH,True
600561,1,SH,True
600560,1,SH,True
600559,1,SH,True
600558,1,SH,True
600557,1,SH,True
600556,1,SH,True
600555,1,SH,True
600553,1,SH,True
600552,1,SH,True
600551,1,SH,True
600550,1,SH,True
600549,1,SH,True
600548,1,SH,True
600547,1,SH,True
600546,1,SH,True
600545,1,SH,True
600543,1,SH,True
600540,1,SH,True
600539,1,SH,True
600538,1,SH,True
600537,1,SH,True
600536,1,SH,True
600535,1,SH,True
600533,1,SH,True
600532,1,SH,True
600531,1,SH,True
600530,1,SH,True
600529,1,SH,True
600528,1,SH,True
600527,1,SH,True
600526,1,SH,True
600525,1,SH,True
600523,1,SH,True
600522,1,SH,True
600521,1,SH,True
600520,1,SH,True
600519,1,SH,True
600518,1,SH,True
600517,1,SH,True
600516,1,SH,True
600515,1,SH,True
600513,1,SH,True
600512,1,SH,True
600511,1,SH,True
600510,1,SH,True
600509,1,SH,True
600508,1,SH,True
600507,1,SH,True
600506,1,SH,True
600505,1,SH,True
600503,1,SH,True
600502,1,SH,True
600501,1,SH,True
600500,1,SH,True
600499,1,SH,True
600498,1,SH,True
600497,1,SH,True
600496,1,SH,True
600495,1,SH,True
600493,1,SH,True
600491,1,SH,True
600490,1,SH,True
600489,1,SH,True
600488,1,SH,True
600487,1,SH,True
600486,1,SH,True
600485,1,SH,True
600483,1,SH,True
600482,1,SH,True
600481,1,SH,True
600480,1,SH,True
600479,1,SH,True
600478,1,SH,True
600477,1,SH,True
600476,1,SH,True
600475,1,SH,True
600472,1,SH,True
600470,1,SH,True
600469,1,SH,True
600468,1,SH,True
600467,1,SH,True
600466,1,SH,True
600463,1,SH,True
600462,1,SH,True
600461,1,SH,True
600460,1,SH,True
600459,1,SH,True
600458,1,SH,True
600456,1,SH,True
600455,1,SH,True
600452,1,SH,True
600449,1,SH,True
600448,1,SH,True
600446,1,SH,True
600444,1,SH,True
600439,1,SH,True
600438,1,SH,True
600436,1,SH,True
600435,1,SH,True
600433,1,SH,True
600432,1,SH,True
600429,1,SH,True
600428,1,SH,True
600426,1,SH,True
600425,1,SH,True
600423,1,SH,True
600422,1,SH,True
600421,1,SH,True
600420,1,SH,True
600419,1,SH,True
600418,1,SH,True
600416,1,SH,True
600415,1,SH,True
600410,1,SH,True
600409,1,SH,True
600408,1,SH,True
600406,1,SH,True
600405,1,SH,True
600403,1,SH,True
600401,1,SH,True
600400,1,SH,True
600399,1,SH,True
600398,1,SH,True
600397,1,SH,True
600396,1,SH,True
600395,1,SH,True
600393,1,SH,True
600392,1,SH,True
600391,1,SH,True
600390,1,SH,True
600389,1,SH,True
600388,1,SH,True
600387,1,SH,True
600386,1,SH,True
600385,1,SH,True
600383,1,SH,True
600382,1,SH,True
600381,1,SH,True
600380,1,SH,True
600379,1,SH,True
600378,1,SH,True
600377,1,SH,True
600376,1,SH,True
600375,1,SH,True
600373,1,SH,True
600372,1,SH,True
600371,1,SH,True
600370,1,SH,True
600369,1,SH,True
600368,1,SH,True
600367,1,SH,True
600366,1,SH,True
600365,1,SH,True
600363,1,SH,True
600362,1,SH,True
600361,1,SH,True
600360,1,SH,True
600359,1,SH,True
600358,1,SH,True
600357,1,SH,True
600356,1,SH,True
600355,1,SH,True
600354,1,SH,True
600353,1,SH,True
600352,1,SH,True
600351,1,SH,True
600350,1,SH,True
600348,1,SH,True
600346,1,SH,True
600345,1,SH,True
600343,1,SH,True
600340,1,SH,True
600339,1,SH,True
600338,1,SH,True
600337,1,SH,True
600336,1,SH,True
600335,1,SH,True
600333,1,SH,True
600332,1,SH,True
600331,1,SH,True
600330,1,SH,True
600329,1,SH,True
600328,1,SH,True
600327,1,SH,True
600326,1,SH,True
600325,1,SH,True
600323,1,SH,True
600322,1,SH,True
600321,1,SH,True
600320,1,SH,True
600319,1,SH,True
600318,1,SH,True
600317,1,SH,True
600316,1,SH,True
600315,1,SH,True
600313,1,SH,True
600312,1,SH,True
600311,1,SH,True
600310,1,SH,True
600309,1,SH,True
600308,1,SH,True
600307,1,SH,True
600306,1,SH,True
600305,1,SH,True
600303,1,SH,True
600302,1,SH,True
600301,1,SH,True
600300,1,SH,True
600299,1,SH,True
600298,1,SH,True
600297,1,SH,True
600296,1,SH,True
600295,1,SH,True
600293,1,SH,True
600292,1,SH,True
600291,1,SH,True
600290,1,SH,True
600289,1,SH,True
600288,1,SH,True
600287,1,SH,True
600286,1,SH,True
600285,1,SH,True
600284,1,SH,True
600283,1,SH,True
600282,1,SH,True
600281,1,SH,True
600280,1,SH,True
600279,1,SH,True
600278,1,SH,True
600277,1,SH,True
600276,1,SH,True
600275,1,SH,True
600273,1,SH,True
600272,1,SH,True
600271,1,SH,True
600270,1,SH,True
600269,1,SH,True
600268,1,SH,True
600267,1,SH,True
600266,1,SH,True
600265,1,SH,True
600263,1,SH,True
600262,1,SH,True
600261,1,SH,True
600260,1,SH,True
600259,1,SH,True
600258,1,SH,True
600257,1,SH,True
600256,1,SH,True
600255,1,SH,True
600253,1,SH,True
600252,1,SH,True
600251,1,SH,True
600250,1,SH,True
600249,1,SH,True
600248,1,SH,True
600247,1,SH,True
600246,1,SH,True
600243,1,SH,True
600242,1,SH,True
600241,1,SH,True
600240,1,SH,True
600239,1,SH,True
600238,1,SH,True
600237,1,SH,True
600236,1,SH,True
600235,1,SH,True
600234,1,SH,True
600233,1,SH,True
600232,1,SH,True
600231,1,SH,True
600230,1,SH,True
600229,1,SH,True
600228,1,SH,True
600227,1,SH,True
600226,1,SH,True
600225,1,SH,True
600223,1,SH,True
600222,1,SH,True
600221,1,SH,True
600220,1,SH,True
600219,1,SH,True
600218,1,SH,True
600217,1,SH,True
600216,1,SH,True
600215,1,SH,True
600213,1,SH,True
600212,1,SH,True
600211,1,SH,True
600210,1,SH,True
600209,1,SH,True
600208,1,SH,True
600207,1,SH,True
600206,1,SH,True
600205,1,SH,True
600203,1,SH,True
600202,1,SH,True
600201,1,SH,True
600200,1,SH,True
600199,1,SH,True
600198,1,SH,True
600197,1,SH,True
600196,1,SH,True
600195,1,SH,True
600193,1,SH,True
600192,1,SH,True
600191,1,SH,True
600190,1,SH,True
600189,1,SH,True
600188,1,SH,True
600187,1,SH,True
600186,1,SH,True
600185,1,SH,True
600184,1,SH,True
600183,1,SH,True
600182,1,SH,True
600181,1,SH,True
600180,1,SH,True
600179,1,SH,True
600178,1,SH,True
600177,1,SH,True
600176,1,SH,True
600175,1,SH,True
600173,1,SH,True
600172,1,SH,True
600171,1,SH,True
600170,1,SH,True
600169,1,SH,True
600168,1,SH,True
600167,1,SH,True
600166,1,SH,True
600165,1,SH,True
600163,1,SH,True
600162,1,SH,True
600161,1,SH,True
600160,1,SH,True
600159,1,SH,True
600158,1,SH,True
600157,1,SH,True
600156,1,SH,True
600155,1,SH,True
600153,1,SH,True
600152,1,SH,True
600151,1,SH,True
600150,1,SH,True
600149,1,SH,True
600148,1,SH,True
600146,1,SH,True
600145,1,SH,True
600143,1,SH,True
600141,1,SH,True
600139,1,SH,True
600138,1,SH,True
600137,1,SH,True
600136,1,SH,True
600135,1,SH,True
600133,1,SH,True
600132,1,SH,True
600131,1,SH,True
600130,1,SH,True
600129,1,SH,True
600128,1,SH,True
600127,1,SH,True
600126,1,SH,True
600125,1,SH,True
600123,1,SH,True
600122,1,SH,True
600121,1,SH,True
600120,1,SH,True
600119,1,SH,True
600118,1,SH,True
600117,1,SH,True
600116,1,SH,True
600115,1,SH,True
600114,1,SH,True
600113,1,SH,True
600112,1,SH,True
600111,1,SH,True
600110,1,SH,True
600109,1,SH,True
600108,1,SH,True
600107,1,SH,True
600106,1,SH,True
600105,1,SH,True
600104,1,SH,True
600103,1,SH,True
600102,1,SH,True
600101,1,SH,True
600100,1,SH,True
600099,1,SH,True
600098,1,SH,True
600097,1,SH,True
600096,1,SH,True
600095,1,SH,True
600094,1,SH,True
600093,1,SH,True
600092,1,SH,True
600091,1,SH,True
600090,1,SH,True
600089,1,SH,True
600088,1,SH,True
600087,1,SH,True
600086,1,SH,True
600085,1,SH,True
600084,1,SH,True
600083,1,SH,True
600082,1,SH,True
600081,1,SH,True
600080,1,SH,True
600079,1,SH,True
600078,1,SH,True
600077,1,SH,True
600076,1,SH,True
600075,1,SH,True
600074,1,SH,True
600073,1,SH,True
600072,1,SH,True
600071,1,SH,True
600070,1,SH,True
600069,1,SH,True
600068,1,SH,True
600067,1,SH,True
600066,1,SH,True
600065,1,SH,True
600064,1,SH,True
600063,1,SH,True
600062,1,SH,True
600061,1,SH,True
600060,1,SH,True
600059,1,SH,True
600058,1,SH,True
600057,1,SH,True
600056,1,SH,True
600055,1,SH,True
600054,1,SH,True
600053,1,SH,True
600052,1,SH,True
600051,1,SH,True
600050,1,SH,True
600048,1,SH,True
600039,1,SH,True
600038,1,SH,True
600037,1,SH,True
600036,1,SH,True
600035,1,SH,True
600033,1,SH,True
600032,1,SH,True
600031,1,SH,True
600030,1,SH,True
600029,1,SH,True
600028,1,SH,True
600027,1,SH,True
600026,1,SH,True
600025,1,SH,True
600023,1,SH,True
600022,1,SH,True
600021,1,SH,True
600020,1,SH,True
600019,1,SH,True
600018,1,SH,True
600017,1,SH,True
600016,1,SH,True
600015,1,SH,True
600012,1,SH,True
600011,1,SH,True
600010,1,SH,True
600009,1,SH,True
600008,1,SH,True
600007,1,SH,True
600006,1,SH,True
600005,1,SH,True
600004,1,SH,True
600003,1,SH,True
600002,1,SH,True
600001,1,SH,True
600000,1,SH,True
302132,0,SZ,True
301678,0,SZ,True
301665,0,SZ,True
301662,0,SZ,True
301658,0,SZ,True
301636,0,SZ,True
301633,0,SZ,True
301632,0,SZ,True
301631,0,SZ,True
301630,0,SZ,True
301629,0,SZ,True
301628,0,SZ,True
301626,0,SZ,True
301622,0,SZ,True
301618,0,SZ,True
301617,0,SZ,True
301616,0,SZ,True
301613,0,SZ,True
301611,0,SZ,True
301609,0,SZ,True
301608,0,SZ,True
301607,0,SZ,True
301606,0,SZ,True
301603,0,SZ,True
301602,0,SZ,True
301601,0,SZ,True
301600,0,SZ,True
301598,0,SZ,True
301596,0,SZ,True
301595,0,SZ,True
301592,0,SZ,True
301591,0,SZ,True
301590,0,SZ,True
301589,0,SZ,True
301588,0,SZ,True
301587,0,SZ,True
301586,0,SZ,True
301585,0,SZ,True
301581,0,SZ,True
301580,0,SZ,True
301578,0,SZ,True
301577,0,SZ,True
301575,0,SZ,False
301571,0,SZ,True
301568,0,SZ,True
301567,0,SZ,True
301566,0,SZ,True
301565,0,SZ,True
301560,0,SZ,True
301559,0,SZ,True
301558,0,SZ,True
301557,0,SZ,True
301556,0,SZ,True
301555,0,SZ,True
301552,0,SZ,True
301551,0,SZ,True
301550,0,SZ,True
301548,0,SZ,True
301539,0,SZ,True
301538,0,SZ,True
301536,0,SZ,True
301535,0,SZ,True
301533,0,SZ,True
301529,0,SZ,True
301528,0,SZ,True
301526,0,SZ,True
301525,0,SZ,True
301522,0,SZ,True
301520,0,SZ,True
301519,0,SZ,True
301518,0,SZ,True
301517,0,SZ,True
301516,0,SZ,True
301515,0,SZ,True
301512,0,SZ,True
301511,0,SZ,True
301510,0,SZ,True
301509,0,SZ,True
301508,0,SZ,True
301507,0,SZ,True
301505,0,SZ,True
301503,0,SZ,True
301502,0,SZ,True
301501,0,SZ,True
301500,0,SZ,True
301499,0,SZ,True
301498,0,SZ,True
301491,0,SZ,True
301489,0,SZ,True
301488,0,SZ,True
301487,0,SZ,True
301486,0,SZ,True
301479,0,SZ,True
301469,0,SZ,True
301468,0,SZ,True
301459,0,SZ,True
301458,0,SZ,True
301456,0,SZ,True
301448,0,SZ,True
301446,0,SZ,True
301439,0,SZ,True
301429,0,SZ,True
301428,0,SZ,True
301421,0,SZ,True
301419,0,SZ,True
301418,0,SZ,True
301413,0,SZ,True
301408,0,SZ,True
301399,0,SZ,True
301398,0,SZ,True
301397,0,SZ,True
301396,0,SZ,True
301395,0,SZ,True
301393,0,SZ,True
301392,0,SZ,True
301391,0,SZ,True
301390,0,SZ,True
301389,0,SZ,True
301388,0,SZ,True
301387,0,SZ,True
301386,0,SZ,True
301383,0,SZ,True
301382,0,SZ,True
301381,0,SZ,True
301380,0,SZ,True
301379,0,SZ,True
301378,0,SZ,True
301377,0,SZ,True
301376,0,SZ,True
301373,0,SZ,True
301372,0,SZ,True
301371,0,SZ,True
301370,0,SZ,True
301369,0,SZ,True
301368,0,SZ,True
301367,0,SZ,True
301366,0,SZ,True
301365,0,SZ,True
301363,0,SZ,True
301362,0,SZ,True
301361,0,SZ,True
301360,0,SZ,True
301359,0,SZ,True
301358,0,SZ,True
301357,0,SZ,True
301356,0,SZ,True
301355,0,SZ,True
301353,0,SZ,True
301349,0,SZ,True
301348,0,SZ,True
301345,0,SZ,True
301339,0,SZ,True
301338,0,SZ,True
301337,0,SZ,True
301336,0,SZ,True
301335,0,SZ,True
301333,0,SZ,True
301332,0,SZ,True
301331,0,SZ,True
301330,0,SZ,True
301329,0,SZ,True
301328,0,SZ,True
301327,0,SZ,True
301326,0,SZ,True
301325,0,SZ,True
301323,0,SZ,True
301322,0,SZ,True
301321,0,SZ,True
301320,0,SZ,True
301319,0,SZ,True
301318,0,SZ,True
301317,0,SZ,True
301316,0,SZ,True
301315,0,SZ,True
301314,0,SZ,True
301313,0,SZ,True
301312,0,SZ,True
301311,0,SZ,True
301310,0,SZ,True
301309,0,SZ,True
301308,0,SZ,True
301307,0,SZ,True
301306,0,SZ,True
301305,0,SZ,True
301303,0,SZ,True
301302,0,SZ,True
301301,0,SZ,True
301300,0,SZ,True
301299,0,SZ,True
301298,0,SZ,True
301297,0,SZ,True
301296,0,SZ,True
301295,0,SZ,True
301293,0,SZ,True
301292,0,SZ,True
301291,0,SZ,True
301290,0,SZ,True
301289,0,SZ,True
301288,0,SZ,True
301287,0,SZ,True
301286,0,SZ,True
301285,0,SZ,True
301283,0,SZ,True
301282,0,SZ,True
301281,0,SZ,True
301280,0,SZ,True
301279,0,SZ,True
301278,0,SZ,True
301277,0,SZ,True
301276,0,SZ,True
301275,0,SZ,True
301273,0,SZ,True
301272,0,SZ,True
301270,0,SZ,True
301269,0,SZ,True
301268,0,SZ,True
301267,0,SZ,True
301266,0,SZ,True
301265,0,SZ,True
301263,0,SZ,True
301262,0,SZ,True
301261,0,SZ,True
301260,0,SZ,True
301259,0,SZ,True
301258,0,SZ,True
301257,0,SZ,True
301256,0,SZ,True
301255,0,SZ,True
301252,0,SZ,True
301251,0,SZ,True
301248,0,SZ,True
301246,0,SZ,True
301239,0,SZ,True
301238,0,SZ,True
301237,0,SZ,True
301236,0,SZ,True
301235,0,SZ,True
301234,0,SZ,True
301233,0,SZ,True
301232,0,SZ,True
301231,0,SZ,True
301230,0,SZ,True
301229,0,SZ,True
301228,0,SZ,True
301227,0,SZ,True
301226,0,SZ,True
301225,0,SZ,True
301223,0,SZ,True
301222,0,SZ,True
301221,0,SZ,True
301220,0,SZ,True
301219,0,SZ,True
301218,0,SZ,True
301217,0,SZ,True
301216,0,SZ,True
301215,0,SZ,True
301213,0,SZ,True
301212,0,SZ,True
301211,0,SZ,True
301210,0,SZ,True
301209,0,SZ,True
301208,0,SZ,True
301207,0,SZ,True
301206,0,SZ,True
301205,0,SZ,True
301203,0,SZ,True
301202,0,SZ,True
301201,0,SZ,True
301200,0,SZ,True
301199,0,SZ,True
301198,0,SZ,True
301197,0,SZ,True
301196,0,SZ,True
301195,0,SZ,True
301193,0,SZ,True
301192,0,SZ,True
301191,0,SZ,True
301190,0,SZ,True
301189,0,SZ,True
301188,0,SZ,True
301187,0,SZ,True
301186,0,SZ,True
301185,0,SZ,True
301183,0,SZ,True
301182,0,SZ,True
301181,0,SZ,True
301180,0,SZ,True
301179,0,SZ,True
301178,0,SZ,True
301177,0,SZ,True
301176,0,SZ,True
301175,0,SZ,True
301173,0,SZ,True
301172,0,SZ,True
301171,0,SZ,True
301170,0,SZ,True
301169,0,SZ,True
301168,0,SZ,True
301167,0,SZ,True
301166,0,SZ,True
301165,0,SZ,True
301163,0,SZ,True
301162,0,SZ,True
301161,0,SZ,True
301160,0,SZ,True
301159,0,SZ,True
301158,0,SZ,True
301157,0,SZ,True
301156,0,SZ,True
301155,0,SZ,True
301153,0,SZ,True
301152,0,SZ,True
301151,0,SZ,True
301150,0,SZ,True
301149,0,SZ,True
301148,0,SZ,True
301141,0,SZ,True
301139,0,SZ,True
301138,0,SZ,True
301137,0,SZ,True
301136,0,SZ,True
301135,0,SZ,True
301133,0,SZ,True
301132,0,SZ,True
301131,0,SZ,True
301130,0,SZ,True
301129,0,SZ,True
301128,0,SZ,True
301127,0,SZ,True
301126,0,SZ,True
301125,0,SZ,True
301123,0,SZ,True
301122,0,SZ,True
301121,0,SZ,True
301120,0,SZ,True
301119,0,SZ,True
301118,0,SZ,True
301117,0,SZ,True
301116,0,SZ,True
301115,0,SZ,True
301113,0,SZ,True
301112,0,SZ,True
301111,0,SZ,True
301110,0,SZ,True
301109,0,SZ,True
301108,0,SZ,True
301107,0,SZ,True
301106,0,SZ,True
301105,0,SZ,True
301103,0,SZ,True
301102,0,SZ,True
301101,0,SZ,True
301100,0,SZ,True
301099,0,SZ,True
301098,0,SZ,True
301097,0,SZ,True
301096,0,SZ,True
301095,0,SZ,True
301093,0,SZ,True
301092,0,SZ,True
301091,0,SZ,True
301090,0,SZ,True
301089,0,SZ,True
301088,0,SZ,True
301087,0,SZ,True
301086,0,SZ,True
301085,0,SZ,True
301083,0,SZ,True
301082,0,SZ,True
301081,0,SZ,True
301080,0,SZ,True
301079,0,SZ,True
301078,0,SZ,True
301077,0,SZ,True
301076,0,SZ,True
301075,0,SZ,True
301073,0,SZ,True
301072,0,SZ,True
301071,0,SZ,True
301070,0,SZ,True
301069,0,SZ,True
301068,0,SZ,True
301067,0,SZ,True
301066,0,SZ,True
301065,0,SZ,True
301063,0,SZ,True
301062,0,SZ,True
301061,0,SZ,True
301060,0,SZ,True
301059,0,SZ,True
301058,0,SZ,True
301057,0,SZ,True
301056,0,SZ,True
301055,0,SZ,True
301053,0,SZ,True
301052,0,SZ,True
301051,0,SZ,True
301050,0,SZ,True
301049,0,SZ,True
301048,0,SZ,True
301047,0,SZ,True
301046,0,SZ,True
301045,0,SZ,True
301043,0,SZ,True
301042,0,SZ,True
301041,0,SZ,True
301040,0,SZ,True
301039,0,SZ,True
301038,0,SZ,True
301037,0,SZ,True
301036,0,SZ,True
301035,0,SZ,True
301033,0,SZ,True
301032,0,SZ,True
301031,0,SZ,True
301030,0,SZ,True
301029,0,SZ,True
301028,0,SZ,True
301027,0,SZ,True
301026,0,SZ,True
301025,0,SZ,True
301024,0,SZ,True
301023,0,SZ,True
301022,0,SZ,True
301021,0,SZ,True
301020,0,SZ,True
301019,0,SZ,True
301018,0,SZ,True
301017,0,SZ,True
301016,0,SZ,True
301015,0,SZ,True
301013,0,SZ,True
301012,0,SZ,True
301011,0,SZ,True
301010,0,SZ,True
301009,0,SZ,True
301008,0,SZ,True
301007,0,SZ,True
301006,0,SZ,True
301005,0,SZ,True
301004,0,SZ,True
301003,0,SZ,True
301002,0,SZ,True
301001,0,SZ,True
301000,0,SZ,True
300999,0,SZ,True
300998,0,SZ,True
300997,0,SZ,True
300996,0,SZ,True
300995,0,SZ,True
300994,0,SZ,True
300993,0,SZ,True
300992,0,SZ,True
300991,0,SZ,True
300990,0,SZ,True
300989,0,SZ,True
300988,0,SZ,True
300987,0,SZ,True
300986,0,SZ,True
300985,0,SZ,True
300984,0,SZ,True
300983,0,SZ,True
300982,0,SZ,True
300981,0,SZ,True
300980,0,SZ,True
300979,0,SZ,True
300978,0,SZ,True
300977,0,SZ,True
300976,0,SZ,True
300975,0,SZ,True
300973,0,SZ,True
300972,0,SZ,True
300971,0,SZ,True
300970,0,SZ,True
300969,0,SZ,True
300968,0,SZ,True
300967,0,SZ,True
300966,0,SZ,True
300965,0,SZ,True
300964,0,SZ,True
300963,0,SZ,True
300962,0,SZ,True
300961,0,SZ,True
300960,0,SZ,True
300959,0,SZ,True
300958,0,SZ,True
300957,0,SZ,True
300956,0,SZ,True
300955,0,SZ,True
300953,0,SZ,True
300952,0,SZ,True
300951,0,SZ,True
300950,0,SZ,True
300949,0,SZ,True
300948,0,SZ,True
300947,0,SZ,True
300946,0,SZ,True
300945,0,SZ,True
300943,0,SZ,True
300942,0,SZ,True
300941,0,SZ,True
300940,0,SZ,True
300939,0,SZ,True
300938,0,SZ,True
300937,0,SZ,True
300936,0,SZ,True
300935,0,SZ,True
300933,0,SZ,True
300932,0,SZ,True
300931,0,SZ,True
300930,0,SZ,True
300929,0,SZ,True
300928,0,SZ,True
300927,0,SZ,True
300926,0,SZ,True
300925,0,SZ,True
300923,0,SZ,True
300922,0,SZ,True
300921,0,SZ,True
300920,0,SZ,True
300919,0,SZ,True
300918,0,SZ,True
300917,0,SZ,True
300916,0,SZ,True
300915,0,SZ,True
300913,0,SZ,True
300912,0,SZ,True
300911,0,SZ,True
300910,0,SZ,True
300909,0,SZ,True
300908,0,SZ,True
300907,0,SZ,True
300906,0,SZ,True
300905,0,SZ,True
300904,0,SZ,True
300903,0,SZ,True
300902,0,SZ,True
300901,0,SZ,True
300900,0,SZ,True
300899,0,SZ,True
300898,0,SZ,True
300897,0,SZ,True
300896,0,SZ,True
300895,0,SZ,True
300894,0,SZ,True
300893,0,SZ,True
300892,0,SZ,True
300891,0,SZ,True
300890,0,SZ,True
300889,0,SZ,True
300888,0,SZ,True
300887,0,SZ,True
300886,0,SZ,True
300885,0,SZ,True
300884,0,SZ,True
300883,0,SZ,True
300882,0,SZ,True
300881,0,SZ,True
300880,0,SZ,True
300879,0,SZ,True
300878,0,SZ,True
300877,0,SZ,True
300876,0,SZ,True
300875,0,SZ,True
300873,0,SZ,True
300872,0,SZ,True
300871,0,SZ,True
300870,0,SZ,True
300869,0,SZ,True
300868,0,SZ,True
300867,0,SZ,True
300866,0,SZ,True
300865,0,SZ,True
300864,0,SZ,True
300863,0,SZ,True
300862,0,SZ,True
300861,0,SZ,True
300860,0,SZ,True
300859,0,SZ,True
300858,0,SZ,True
300857,0,SZ,True
300856,0,SZ,True
300855,0,SZ,True
300854,0,SZ,True
300853,0,SZ,True
300852,0,SZ,True
300851,0,SZ,True
300850,0,SZ,True
300849,0,SZ,True
300848,0,SZ,True
300847,0,SZ,True
300846,0,SZ,True
300845,0,SZ,True
300844,0,SZ,True
300843,0,SZ,True
300842,0,SZ,True
300841,0,SZ,True
300840,0,SZ,True
300839,0,SZ,True
300838,0,SZ,True
300837,0,SZ,True
300836,0,SZ,True
300835,0,SZ,True
300834,0,SZ,True
300833,0,SZ,True
300832,0,SZ,True
300831,0,SZ,True
300830,0,SZ,True
300829,0,SZ,True
300828,0,SZ,True
300827,0,SZ,True
300826,0,SZ,True
300825,0,SZ,True
300824,0,SZ,True
300823,0,SZ,True
300822,0,SZ,True
300821,0,SZ,True
300820,0,SZ,True
300819,0,SZ,True
300818,0,SZ,True
300817,0,SZ,True
300816,0,SZ,True
300815,0,SZ,True
300814,0,SZ,True
300813,0,SZ,True
300812,0,SZ,True
300811,0,SZ,True
300810,0,SZ,True
300809,0,SZ,True
300808,0,SZ,True
300807,0,SZ,True
300806,0,SZ,True
300805,0,SZ,True
300804,0,SZ,True
300803,0,SZ,True
300802,0,SZ,True
300801,0,SZ,True
300800,0,SZ,True
300799,0,SZ,True
300798,0,SZ,True
300797,0,SZ,True
300796,0,SZ,True
300795,0,SZ,True
300793,0,SZ,True
300792,0,SZ,True
300791,0,SZ,True
300790,0,SZ,True
300789,0,SZ,True
300788,0,SZ,True
300787,0,SZ,True
300786,0,SZ,True
300785,0,SZ,True
300784,0,SZ,True
300783,0,SZ,True
300782,0,SZ,True
300781,0,SZ,True
300780,0,SZ,True
300779,0,SZ,True
300778,0,SZ,True
300777,0,SZ,True
300776,0,SZ,True
300775,0,SZ,True
300774,0,SZ,True
300773,0,SZ,True
300772,0,SZ,True
300771,0,SZ,True
300770,0,SZ,True
300769,0,SZ,True
300768,0,SZ,True
300767,0,SZ,True
300766,0,SZ,True
300765,0,SZ,True
300763,0,SZ,True
300762,0,SZ,True
300761,0,SZ,True
300760,0,SZ,True
300759,0,SZ,True
300758,0,SZ,True
300757,0,SZ,True
300756,0,SZ,True
300755,0,SZ,True
300753,0,SZ,True
300752,0,SZ,True
300751,0,SZ,True
300750,0,SZ,True
300749,0,SZ,True
300748,0,SZ,True
300747,0,SZ,True
300746,0,SZ,True
300745,0,SZ,True
300743,0,SZ,True
300742,0,SZ,True
300741,0,SZ,True
300740,0,SZ,True
300739,0,SZ,True
300738,0,SZ,True
300737,0,SZ,True
300736,0,SZ,True
300735,0,SZ,True
300733,0,SZ,True
300732,0,SZ,True
300731,0,SZ,True
300730,0,SZ,True
300729,0,SZ,True
300727,0,SZ,True
300726,0,SZ,True
300725,0,SZ,True
300724,0,SZ,True
300723,0,SZ,True
300722,0,SZ,True
300721,0,SZ,True
300720,0,SZ,True
300719,0,SZ,True
300718,0,SZ,True
300717,0,SZ,True
300716,0,SZ,True
300715,0,SZ,True
300713,0,SZ,True
300712,0,SZ,True
300711,0,SZ,True
300710,0,SZ,True
300709,0,SZ,True
300708,0,SZ,True
300707,0,SZ,True
300706,0,SZ,True
300705,0,SZ,True
300703,0,SZ,True
300702,0,SZ,True
300701,0,SZ,True
300700,0,SZ,True
300699,0,SZ,True
300698,0,SZ,True
300697,0,SZ,True
300696,0,SZ,True
300695,0,SZ,True
300694,0,SZ,True
300693,0,SZ,True
300692,0,SZ,True
300691,0,SZ,True
300690,0,SZ,True
300689,0,SZ,True
300688,0,SZ,True
300687,0,SZ,True
300686,0,SZ,True
300685,0,SZ,True
300684,0,SZ,True
300683,0,SZ,True
300682,0,SZ,True
300681,0,SZ,True
300680,0,SZ,True
300679,0,SZ,True
300678,0,SZ,True
300677,0,SZ,True
300676,0,SZ,True
300675,0,SZ,True
300674,0,SZ,True
300673,0,SZ,True
300672,0,SZ,True
300671,0,SZ,True
300670,0,SZ,True
300669,0,SZ,True
300668,0,SZ,True
300667,0,SZ,True
300666,0,SZ,True
300665,0,SZ,True
300664,0,SZ,True
300663,0,SZ,True
300662,0,SZ,True
300661,0,SZ,True
300660,0,SZ,True
300659,0,SZ,True
300658,0,SZ,True
300657,0,SZ,True
300656,0,SZ,True
300655,0,SZ,True
300654,0,SZ,True
300653,0,SZ,True
300652,0,SZ,True
300651,0,SZ,True
300650,0,SZ,True
300649,0,SZ,True
300648,0,SZ,True
300647,0,SZ,True
300645,0,SZ,True
300644,0,SZ,True
300643,0,SZ,True
300642,0,SZ,True
300641,0,SZ,True
300640,0,SZ,True
300639,0,SZ,True
300638,0,SZ,True
300637,0,SZ,True
300636,0,SZ,True
300635,0,SZ,True
300634,0,SZ,True
300633,0,SZ,True
300632,0,SZ,True
300631,0,SZ,True
300630,0,SZ,True
300629,0,SZ,True
300628,0,SZ,True
300627,0,SZ,True
300626,0,SZ,True
300625,0,SZ,True
300624,0,SZ,True
300623,0,SZ,True
300622,0,SZ,True
300621,0,SZ,True
300620,0,SZ,True
300619,0,SZ,True
300618,0,SZ,True
300617,0,SZ,True
300616,0,SZ,True
300615,0,SZ,True
300614,0,SZ,True
300613,0,SZ,True
300612,0,SZ,True
300611,0,SZ,True
300610,0,SZ,True
300609,0,SZ,True
300608,0,SZ,True
300607,0,SZ,True
300606,0,SZ,True
300605,0,SZ,True
300604,0,SZ,True
300603,0,SZ,True
300602,0,SZ,True
300601,0,SZ,True
300600,0,SZ,True
300599,0,SZ,True
300598,0,SZ,True
300597,0,SZ,True
300596,0,SZ,True
300595,0,SZ,True
300594,0,SZ,True
300593,0,SZ,True
300592,0,SZ,True
300591,0,SZ,True
300590,0,SZ,True
300589,0,SZ,True
300588,0,SZ,True
300587,0,SZ,True
300586,0,SZ,True
300585,0,SZ,True
300584,0,SZ,True
300583,0,SZ,True
300582,0,SZ,True
300581,0,SZ,True
300580,0,SZ,True
300579,0,SZ,True
300578,0,SZ,True
300577,0,SZ,True
300576,0,SZ,True
300575,0,SZ,True
300573,0,SZ,True
300572,0,SZ,True
300571,0,SZ,True
300570,0,SZ,True
300569,0,SZ,True
300568,0,SZ,True
300567,0,SZ,True
300566,0,SZ,True
300565,0,SZ,True
300564,0,SZ,True
300563,0,SZ,True
300562,0,SZ,True
300561,0,SZ,True
300560,0,SZ,True
300559,0,SZ,True
300558,0,SZ,True
300557,0,SZ,True
300556,0,SZ,True
300555,0,SZ,True
300554,0,SZ,True
300553,0,SZ,True
300552,0,SZ,True
300551,0,SZ,True
300550,0,SZ,True
300549,0,SZ,True
300548,0,SZ,True
300547,0,SZ,True
300546,0,SZ,True
300545,0,SZ,True
300543,0,SZ,True
300542,0,SZ,True
300541,0,SZ,True
300540,0,SZ,True
300539,0,SZ,True
300538,0,SZ,True
300537,0,SZ,True
300536,0,SZ,True
300535,0,SZ,True
300534,0,SZ,True
300533,0,SZ,True
300532,0,SZ,True
300531,0,SZ,True
300530,0,SZ,True
300529,0,SZ,True
300528,0,SZ,True
300527,0,SZ,True
300526,0,SZ,True
300525,0,SZ,True
300523,0,SZ,True
300522,0,SZ,True
300521,0,SZ,True
300520,0,SZ,True
300519,0,SZ,True
300518,0,SZ,True
300517,0,SZ,True
300516,0,SZ,True
300515,0,SZ,True
300514,0,SZ,True
300513,0,SZ,True
300512,0,SZ,True
300511,0,SZ,True
300510,0,SZ,True
300509,0,SZ,True
300508,0,SZ,True
300507,0,SZ,True
300506,0,SZ,True
300505,0,SZ,True
300504,0,SZ,True
300503,0,SZ,True
300502,0,SZ,True
300501,0,SZ,True
300500,0,SZ,True
300499,0,SZ,True
300498,0,SZ,True
300497,0,SZ,True
300496,0,SZ,True
300495,0,SZ,True
300494,0,SZ,True
300493,0,SZ,True
300492,0,SZ,True
300491,0,SZ,True
300490,0,SZ,True
300489,0,SZ,True
300488,0,SZ,True
300487,0,SZ,True
300486,0,SZ,True
300485,0,SZ,True
300484,0,SZ,True
300483,0,SZ,True
300482,0,SZ,True
300481,0,SZ,True
300480,0,SZ,True
300479,0,SZ,True
300478,0,SZ,True
300477,0,SZ,True
300476,0,SZ,True
300475,0,SZ,True
300474,0,SZ,True
300473,0,SZ,True
300472,0,SZ,True
300471,0,SZ,True
300470,0,SZ,True
300469,0,SZ,True
300468,0,SZ,True
300467,0,SZ,True
300466,0,SZ,True
300465,0,SZ,True
300464,0,SZ,True
300463,0,SZ,True
300462,0,SZ,True
300461,0,SZ,True
300460,0,SZ,True
300459,0,SZ,True
300458,0,SZ,True
300457,0,SZ,True
300456,0,SZ,True
300455,0,SZ,True
300454,0,SZ,True
300453,0,SZ,True
300452,0,SZ,True
300451,0,SZ,True
300450,0,SZ,True
300449,0,SZ,True
300448,0,SZ,True
300447,0,SZ,True
300446,0,SZ,True
300445,0,SZ,True
300444,0,SZ,True
300443,0,SZ,True
300442,0,SZ,True
300441,0,SZ,True
300440,0,SZ,True
300439,0,SZ,True
300438,0,SZ,True
300437,0,SZ,True
300436,0,SZ,True
300435,0,SZ,True
300434,0,SZ,True
300433,0,SZ,True
300432,0,SZ,True
300431,0,SZ,True
300430,0,SZ,True
300429,0,SZ,True
300428,0,SZ,True
300427,0,SZ,True
300426,0,SZ,True
300425,0,SZ,True
300424,0,SZ,True
300423,0,SZ,True
300422,0,SZ,True
300421,0,SZ,True
300420,0,SZ,True
300419,0,SZ,True
300418,0,SZ,True
300417,0,SZ,True
300416,0,SZ,True
300415,0,SZ,True
300414,0,SZ,True
300413,0,SZ,True
300412,0,SZ,True
300411,0,SZ,True
300410,0,SZ,True
300409,0,SZ,True
300408,0,SZ,True
300407,0,SZ,True
300406,0,SZ,True
300405,0,SZ,True
300404,0,SZ,True
300403,0,SZ,True
300402,0,SZ,True
300401,0,SZ,True
300400,0,SZ,True
300399,0,SZ,True
300398,0,SZ,True
300397,0,SZ,True
300396,0,SZ,True
300395,0,SZ,True
300394,0,SZ,True
300393,0,SZ,True
300392,0,SZ,True
300391,0,SZ,True
300390,0,SZ,True
300389,0,SZ,True
300388,0,SZ,True
300387,0,SZ,True
300386,0,SZ,True
300385,0,SZ,True
300384,0,SZ,True
300383,0,SZ,True
300382,0,SZ,True
300381,0,SZ,True
300380,0,SZ,True
300379,0,SZ,True
300378,0,SZ,True
300377,0,SZ,True
300376,0,SZ,True
300375,0,SZ,True
300374,0,SZ,True
300373,0,SZ,True
300372,0,SZ,True
300371,0,SZ,True
300370,0,SZ,True
300369,0,SZ,True
300368,0,SZ,True
300367,0,SZ,True
300366,0,SZ,True
300365,0,SZ,True
300364,0,SZ,True
300363,0,SZ,True
300362,0,SZ,True
300360,0,SZ,True
300359,0,SZ,True
300358,0,SZ,True
300357,0,SZ,True
300356,0,SZ,True
300355,0,SZ,True
300354,0,SZ,True
300353,0,SZ,True
300352,0,SZ,True
300351,0,SZ,True
300350,0,SZ,True
300349,0,SZ,True
300348,0,SZ,True
300347,0,SZ,True
300346,0,SZ,True
300345,0,SZ,True
300344,0,SZ,True
300343,0,SZ,True
300342,0,SZ,True
300341,0,SZ,True
300340,0,SZ,True
300339,0,SZ,True
300338,0,SZ,True
300337,0,SZ,True
300336,0,SZ,True
300335,0,SZ,True
300334,0,SZ,True
300333,0,SZ,True
300332,0,SZ,True
300331,0,SZ,True
300330,0,SZ,True
300329,0,SZ,True
300328,0,SZ,True
300327,0,SZ,True
300326,0,SZ,True
300325,0,SZ,True
300324,0,SZ,True
300323,0,SZ,True
300322,0,SZ,True
300321,0,SZ,True
300320,0,SZ,True
300319,0,SZ,True
300318,0,SZ,True
300317,0,SZ,True
300316,0,SZ,True
300315,0,SZ,True
300314,0,SZ,True
300313,0,SZ,True
300312,0,SZ,True
300311,0,SZ,True
300310,0,SZ,True
300309,0,SZ,True
300308,0,SZ,True
300307,0,SZ,True
300306,0,SZ,True
300305,0,SZ,True
300304,0,SZ,True
300303,0,SZ,True
300302,0,SZ,True
300301,0,SZ,True
300300,0,SZ,True
300299,0,SZ,True
300298,0,SZ,True
300297,0,SZ,True
300296,0,SZ,True
300295,0,SZ,True
300294,0,SZ,True
300293,0,SZ,True
300292,0,SZ,True
300291,0,SZ,True
300290,0,SZ,True
300289,0,SZ,True
300288,0,SZ,True
300287,0,SZ,True
300286,0,SZ,True
300285,0,SZ,True
300284,0,SZ,True
300283,0,SZ,True
300282,0,SZ,True
300281,0,SZ,True
300280,0,SZ,True
300279,0,SZ,True
300278,0,SZ,True
300277,0,SZ,True
300276,0,SZ,True
300275,0,SZ,True
300274,0,SZ,True
300273,0,SZ,True
300272,0,SZ,True
300271,0,SZ,True
300270,0,SZ,True
300269,0,SZ,True
300268,0,SZ,True
300267,0,SZ,True
300266,0,SZ,True
300265,0,SZ,True
300264,0,SZ,True
300263,0,SZ,True
300262,0,SZ,True
300261,0,SZ,True
300260,0,SZ,True
300259,0,SZ,True
300258,0,SZ,True
300257,0,SZ,True
300256,0,SZ,True
300255,0,SZ,True
300254,0,SZ,True
300253,0,SZ,True
300252,0,SZ,True
300251,0,SZ,True
300250,0,SZ,True
300249,0,SZ,True
300248,0,SZ,True
300247,0,SZ,True
300246,0,SZ,True
300245,0,SZ,True
300244,0,SZ,True
300243,0,SZ,True
300242,0,SZ,True
300241,0,SZ,True
300240,0,SZ,True
300239,0,SZ,True
300238,0,SZ,True
300237,0,SZ,True
300236,0,SZ,True
300235,0,SZ,True
300234,0,SZ,True
300233,0,SZ,True
300232,0,SZ,True
300231,0,SZ,True
300230,0,SZ,True
300229,0,SZ,True
300228,0,SZ,True
300227,0,SZ,True
300226,0,SZ,True
300225,0,SZ,True
300224,0,SZ,True
300223,0,SZ,True
300222,0,SZ,True
300221,0,SZ,True
300220,0,SZ,True
300219,0,SZ,True
300218,0,SZ,True
300217,0,SZ,True
300216,0,SZ,True
300215,0,SZ,True
300214,0,SZ,True
300213,0,SZ,True
300212,0,SZ,True
300211,0,SZ,True
300210,0,SZ,True
300209,0,SZ,True
300208,0,SZ,True
300207,0,SZ,True
300206,0,SZ,True
300205,0,SZ,True
300204,0,SZ,True
300203,0,SZ,True
300202,0,SZ,True
300201,0,SZ,True
300200,0,SZ,True
300199,0,SZ,True
300198,0,SZ,True
300197,0,SZ,True
300196,0,SZ,True
300195,0,SZ,True
300194,0,SZ,True
300193,0,SZ,True
300192,0,SZ,True
300191,0,SZ,True
300190,0,SZ,True
300189,0,SZ,True
300188,0,SZ,True
300187,0,SZ,True
300186,0,SZ,True
300185,0,SZ,True
300184,0,SZ,True
300183,0,SZ,True
300182,0,SZ,True
300181,0,SZ,True
300180,0,SZ,True
300179,0,SZ,True
300178,0,SZ,True
300177,0,SZ,True
300176,0,SZ,True
300175,0,SZ,True
300174,0,SZ,True
300173,0,SZ,True
300172,0,SZ,True
300171,0,SZ,True
300170,0,SZ,True
300169,0,SZ,True
300168,0,SZ,True
300167,0,SZ,True
300166,0,SZ,True
300165,0,SZ,True
300164,0,SZ,True
300163,0,SZ,True
300162,0,SZ,True
300161,0,SZ,True
300160,0,SZ,True
300159,0,SZ,True
300158,0,SZ,True
300157,0,SZ,True
300156,0,SZ,True
300155,0,SZ,True
300154,0,SZ,True
300153,0,SZ,True
300152,0,SZ,True
300151,0,SZ,True
300150,0,SZ,True
300149,0,SZ,True
300148,0,SZ,True
300147,0,SZ,True
300146,0,SZ,True
300145,0,SZ,True
300144,0,SZ,True
300143,0,SZ,True
300142,0,SZ,True
300141,0,SZ,True
300140,0,SZ,True
300139,0,SZ,True
300138,0,SZ,True
300137,0,SZ,True
300136,0,SZ,True
300135,0,SZ,True
300134,0,SZ,True
300133,0,SZ,True
300132,0,SZ,True
300131,0,SZ,True
300130,0,SZ,True
300129,0,SZ,True
300128,0,SZ,True
300127,0,SZ,True
300126,0,SZ,True
300125,0,SZ,True
300124,0,SZ,True
300123,0,SZ,True
300122,0,SZ,True
300121,0,SZ,True
300120,0,SZ,True
300119,0,SZ,True
300118,0,SZ,True
300117,0,SZ,True
300116,0,SZ,True
300115,0,SZ,True
300113,0,SZ,True
300112,0,SZ,True
300111,0,SZ,True
300110,0,SZ,True
300109,0,SZ,True
300108,0,SZ,True
300107,0,SZ,True
300106,0,SZ,True
300105,0,SZ,True
300104,0,SZ,True
300103,0,SZ,True
300102,0,SZ,True
300101,0,SZ,True
300100,0,SZ,True
300099,0,SZ,True
300098,0,SZ,True
300097,0,SZ,True
300096,0,SZ,True
300095,0,SZ,True
300094,0,SZ,True
300093,0,SZ,True
300092,0,SZ,True
300091,0,SZ,True
300090,0,SZ,True
300089,0,SZ,True
300088,0,SZ,True
300087,0,SZ,True
300086,0,SZ,True
300085,0,SZ,True
300084,0,SZ,True
300083,0,SZ,True
300082,0,SZ,True
300081,0,SZ,True
300080,0,SZ,True
300079,0,SZ,True
300078,0,SZ,True
300077,0,SZ,True
300076,0,SZ,True
300075,0,SZ,True
300074,0,SZ,True
300073,0,SZ,True
300072,0,SZ,True
300071,0,SZ,True
300070,0,SZ,True
300069,0,SZ,True
300068,0,SZ,True
300067,0,SZ,True
300066,0,SZ,True
300065,0,SZ,True
300064,0,SZ,True
300063,0,SZ,True
300062,0,SZ,True
300061,0,SZ,True
300059,0,SZ,True
300058,0,SZ,True
300057,0,SZ,True
300056,0,SZ,True
300055,0,SZ,True
300054,0,SZ,True
300053,0,SZ,True
300052,0,SZ,True
300051,0,SZ,True
300050,0,SZ,True
300049,0,SZ,True
300048,0,SZ,True
300047,0,SZ,True
300046,0,SZ,True
300045,0,SZ,True
300044,0,SZ,True
300043,0,SZ,True
300042,0,SZ,True
300041,0,SZ,True
300040,0,SZ,True
300039,0,SZ,True
300038,0,SZ,True
300037,0,SZ,True
300036,0,SZ,True
300035,0,SZ,True
300034,0,SZ,True
300033,0,SZ,True
300032,0,SZ,True
300031,0,SZ,True
300030,0,SZ,True
300029,0,SZ,True
300028,0,SZ,True
300027,0,SZ,True
300026,0,SZ,True
300025,0,SZ,True
300024,0,SZ,True
300023,0,SZ,True
300022,0,SZ,True
300021,0,SZ,True
300020,0,SZ,True
300019,0,SZ,True
300018,0,SZ,True
300017,0,SZ,True
300016,0,SZ,True
300015,0,SZ,True
300014,0,SZ,True
300013,0,SZ,True
300012,0,SZ,True
300011,0,SZ,True
300010,0,SZ,True
300009,0,SZ,True
300008,0,SZ,True
300007,0,SZ,True
300006,0,SZ,True
300005,0,SZ,True
300004,0,SZ,True
300003,0,SZ,True
300002,0,SZ,True
300001,0,SZ,True
003816,0,SZ,True
003043,0,SZ,True
003042,0,SZ,True
003041,0,SZ,True
003040,0,SZ,True
003039,0,SZ,True
003038,0,SZ,True
003037,0,SZ,True
003036,0,SZ,True
003035,0,SZ,True
003033,0,SZ,True
003032,0,SZ,True
003031,0,SZ,True
003030,0,SZ,True
003029,0,SZ,True
003028,0,SZ,True
003027,0,SZ,True
003026,0,SZ,True
003025,0,SZ,True
003023,0,SZ,True
003022,0,SZ,True
003021,0,SZ,True
003020,0,SZ,True
003019,0,SZ,True
003018,0,SZ,True
003017,0,SZ,True
003016,0,SZ,True
003015,0,SZ,True
003013,0,SZ,True
003012,0,SZ,True
003011,0,SZ,True
003010,0,SZ,True
003009,0,SZ,True
003008,0,SZ,True
003007,0,SZ,True
003006,0,SZ,True
003005,0,SZ,True
003004,0,SZ,True
003003,0,SZ,True
003002,0,SZ,True
003001,0,SZ,True
003000,0,SZ,True
002999,0,SZ,True
002998,0,SZ,True
002997,0,SZ,True
002996,0,SZ,True
002995,0,SZ,True
002993,0,SZ,True
002992,0,SZ,True
002991,0,SZ,True
002990,0,SZ,True
002989,0,SZ,True
002988,0,SZ,True
002987,0,SZ,True
002986,0,SZ,True
002985,0,SZ,True
002984,0,SZ,True
002983,0,SZ,True
002982,0,SZ,True
002981,0,SZ,True
002980,0,SZ,True
002979,0,SZ,True
002978,0,SZ,True
002977,0,SZ,True
002976,0,SZ,True
002975,0,SZ,True
002973,0,SZ,True
002972,0,SZ,True
002971,0,SZ,True
002970,0,SZ,True
002969,0,SZ,True
002968,0,SZ,True
002967,0,SZ,True
002966,0,SZ,True
002965,0,SZ,True
002963,0,SZ,True
002962,0,SZ,True
002961,0,SZ,True
002960,0,SZ,True
002959,0,SZ,True
002958,0,SZ,True
002957,0,SZ,True
002956,0,SZ,True
002955,0,SZ,True
002953,0,SZ,True
002952,0,SZ,True
002951,0,SZ,True
002950,0,SZ,True
002949,0,SZ,True
002948,0,SZ,True
002947,0,SZ,True
002946,0,SZ,True
002945,0,SZ,True
002943,0,SZ,True
002942,0,SZ,True
002941,0,SZ,True
002940,0,SZ,True
002939,0,SZ,True
002938,0,SZ,True
002937,0,SZ,True
002936,0,SZ,True
002935,0,SZ,True
002933,0,SZ,True
002932,0,SZ,True
002931,0,SZ,True
002930,0,SZ,True
002929,0,SZ,True
002928,0,SZ,True
002927,0,SZ,True
002926,0,SZ,True
002925,0,SZ,True
002923,0,SZ,True
002922,0,SZ,True
002921,0,SZ,True
002920,0,SZ,True
002919,0,SZ,True
002918,0,SZ,True
002917,0,SZ,True
002916,0,SZ,True
002915,0,SZ,True
002913,0,SZ,True
002912,0,SZ,True
002911,0,SZ,True
002910,0,SZ,True
002909,0,SZ,True
002908,0,SZ,True
002907,0,SZ,True
002906,0,SZ,True
002905,0,SZ,True
002903,0,SZ,True
002902,0,SZ,True
002901,0,SZ,True
002900,0,SZ,True
002899,0,SZ,True
002898,0,SZ,True
002897,0,SZ,True
002896,0,SZ,True
002895,0,SZ,True
002893,0,SZ,True
002892,0,SZ,True
002891,0,SZ,True
002890,0,SZ,True
002889,0,SZ,True
002888,0,SZ,True
002887,0,SZ,True
002886,0,SZ,True
002885,0,SZ,True
002884,0,SZ,True
002883,0,SZ,True
002882,0,SZ,True
002881,0,SZ,True
002880,0,SZ,True
002879,0,SZ,True
002878,0,SZ,True
002877,0,SZ,True
002876,0,SZ,True
002875,0,SZ,True
002873,0,SZ,True
002872,0,SZ,True
002871,0,SZ,True
002870,0,SZ,True
002869,0,SZ,True
002868,0,SZ,True
002867,0,SZ,True
002866,0,SZ,True
002865,0,SZ,True
002864,0,SZ,True
002863,0,SZ,True
002862,0,SZ,True
002861,0,SZ,True
002860,0,SZ,True
002859,0,SZ,True
002858,0,SZ,True
002857,0,SZ,True
002856,0,SZ,True
002855,0,SZ,True
002853,0,SZ,True
002852,0,SZ,True
002851,0,SZ,True
002850,0,SZ,True
002849,0,SZ,True
002848,0,SZ,True
002847,0,SZ,True
002846,0,SZ,True
002845,0,SZ,True
002843,0,SZ,True
002842,0,SZ,True
002841,0,SZ,True
002840,0,SZ,True
002839,0,SZ,True
002838,0,SZ,True
002837,0,SZ,True
002836,0,SZ,True
002835,0,SZ,True
002833,0,SZ,True
002832,0,SZ,True
002831,0,SZ,True
002830,0,SZ,True
002829,0,SZ,True
002828,0,SZ,True
002827,0,SZ,True
002826,0,SZ,True
002825,0,SZ,True
002824,0,SZ,True
002823,0,SZ,True
002822,0,SZ,True
002821,0,SZ,True
002820,0,SZ,True
002819,0,SZ,True
002818,0,SZ,True
002817,0,SZ,True
002816,0,SZ,True
002815,0,SZ,True
002813,0,SZ,True
002812,0,SZ,True
002811,0,SZ,True
002810,0,SZ,True
002809,0,SZ,True
002808,0,SZ,True
002807,0,SZ,True
002806,0,SZ,True
002805,0,SZ,True
002803,0,SZ,True
002802,0,SZ,True
002801,0,SZ,True
002800,0,SZ,True
002799,0,SZ,True
002798,0,SZ,True
002797,0,SZ,True
002796,0,SZ,True
002795,0,SZ,True
002793,0,SZ,True
002792,0,SZ,True
002791,0,SZ,True
002790,0,SZ,True
002789,0,SZ,True
002788,0,SZ,True
002787,0,SZ,True
002786,0,SZ,True
002785,0,SZ,True
002783,0,SZ,True
002782,0,SZ,True
002781,0,SZ,True
002780,0,SZ,True
002779,0,SZ,True
002778,0,SZ,True
002777,0,SZ,True
002776,0,SZ,True
002775,0,SZ,True
002774,0,SZ,True
002773,0,SZ,True
002772,0,SZ,True
002771,0,SZ,True
002770,0,SZ,True
002769,0,SZ,True
002768,0,SZ,True
002767,0,SZ,True
002766,0,SZ,True
002765,0,SZ,True
002763,0,SZ,True
002762,0,SZ,True
002761,0,SZ,True
002760,0,SZ,True
002759,0,SZ,True
002758,0,SZ,True
002757,0,SZ,True
002756,0,SZ,True
002755,0,SZ,True
002753,0,SZ,True
002752,0,SZ,True
002751,0,SZ,True
002750,0,SZ,True
002749,0,SZ,True
002748,0,SZ,True
002747,0,SZ,True
002746,0,SZ,True
002745,0,SZ,True
002743,0,SZ,True
002742,0,SZ,True
002741,0,SZ,True
002740,0,SZ,True
002739,0,SZ,True
002738,0,SZ,True
002737,0,SZ,True
002736,0,SZ,True
002735,0,SZ,True
002734,0,SZ,True
002733,0,SZ,True
002732,0,SZ,True
002731,0,SZ,True
002730,0,SZ,True
002729,0,SZ,True
002728,0,SZ,True
002727,0,SZ,True
002726,0,SZ,True
002725,0,SZ,True
002724,0,SZ,True
002723,0,SZ,True
002722,0,SZ,True
002721,0,SZ,True
002719,0,SZ,True
002718,0,SZ,True
002717,0,SZ,True
002716,0,SZ,True
002715,0,SZ,True
002714,0,SZ,True
002713,0,SZ,True
002712,0,SZ,True
002711,0,SZ,True
002709,0,SZ,True
002708,0,SZ,True
002707,0,SZ,True
002706,0,SZ,True
002705,0,SZ,True
002703,0,SZ,True
002702,0,SZ,True
002701,0,SZ,True
002700,0,SZ,True
002699,0,SZ,True
002698,0,SZ,True
002697,0,SZ,True
002696,0,SZ,True
002695,0,SZ,True
002694,0,SZ,True
002693,0,SZ,True
002692,0,SZ,True
002691,0,SZ,True
002690,0,SZ,True
002689,0,SZ,True
002688,0,SZ,True
002687,0,SZ,True
002686,0,SZ,True
002685,0,SZ,True
002684,0,SZ,True
002683,0,SZ,True
002682,0,SZ,True
002681,0,SZ,True
002680,0,SZ,True
002679,0,SZ,True
002678,0,SZ,True
002677,0,SZ,True
002676,0,SZ,True
002675,0,SZ,True
002674,0,SZ,True
002673,0,SZ,True
002672,0,SZ,True
002671,0,SZ,True
002670,0,SZ,True
002669,0,SZ,True
002668,0,SZ,True
002667,0,SZ,True
002666,0,SZ,True
002665,0,SZ,True
002664,0,SZ,True
002663,0,SZ,True
002662,0,SZ,True
002661,0,SZ,True
002660,0,SZ,True
002659,0,SZ,True
002658,0,SZ,True
002657,0,SZ,True
002656,0,SZ,True
002655,0,SZ,True
002654,0,SZ,True
002653,0,SZ,True
002652,0,SZ,True
002651,0,SZ,True
002650,0,SZ,True
002649,0,SZ,True
002648,0,SZ,True
002647,0,SZ,True
002646,0,SZ,True
002645,0,SZ,True
002644,0,SZ,True
002643,0,SZ,True
002642,0,SZ,True
002641,0,SZ,True
002640,0,SZ,True
002639,0,SZ,True
002638,0,SZ,True
002637,0,SZ,True
002636,0,SZ,True
002635,0,SZ,True
002634,0,SZ,True
002633,0,SZ,True
002632,0,SZ,True
002631,0,SZ,True
002630,0,SZ,True
002629,0,SZ,True
002628,0,SZ,True
002627,0,SZ,True
002626,0,SZ,True
002625,0,SZ,True
002624,0,SZ,True
002623,0,SZ,True
002622,0,SZ,True
002621,0,SZ,True
002620,0,SZ,True
002619,0,SZ,True
002618,0,SZ,True
002617,0,SZ,True
002616,0,SZ,True
002615,0,SZ,True
002614,0,SZ,True
002613,0,SZ,True
002612,0,SZ,True
002611,0,SZ,True
002610,0,SZ,True
002609,0,SZ,True
002608,0,SZ,True
002607,0,SZ,True
002606,0,SZ,True
002605,0,SZ,True
002604,0,SZ,True
002603,0,SZ,True
002602,0,SZ,True
002601,0,SZ,True
002600,0,SZ,True
002599,0,SZ,True
002598,0,SZ,True
002597,0,SZ,True
002596,0,SZ,True
002595,0,SZ,True
002594,0,SZ,True
002593,0,SZ,True
002592,0,SZ,True
002591,0,SZ,True
002590,0,SZ,True
002589,0,SZ,True
002588,0,SZ,True
002587,0,SZ,True
002586,0,SZ,True
002585,0,SZ,True
002584,0,SZ,True
002583,0,SZ,True
002582,0,SZ,True
002581,0,SZ,True
002580,0,SZ,True
002579,0,SZ,True
002578,0,SZ,True
002577,0,SZ,True
002576,0,SZ,True
002575,0,SZ,True
002574,0,SZ,True
002573,0,SZ,True
002572,0,SZ,True
002571,0,SZ,True
002570,0,SZ,True
002569,0,SZ,True
002568,0,SZ,True
002567,0,SZ,True
002566,0,SZ,True
002565,0,SZ,True
002564,0,SZ,True
002563,0,SZ,True
002562,0,SZ,True
002561,0,SZ,True
002560,0,SZ,True
002559,0,SZ,True
002558,0,SZ,True
002557,0,SZ,True
002556,0,SZ,True
002555,0,SZ,True
002554,0,SZ,True
002553,0,SZ,True
002552,0,SZ,True
002551,0,SZ,True
002550,0,SZ,True
002549,0,SZ,True
002548,0,SZ,True
002547,0,SZ,True
002546,0,SZ,True
002545,0,SZ,True
002544,0,SZ,True
002543,0,SZ,True
002542,0,SZ,True
002541,0,SZ,True
002540,0,SZ,True
002539,0,SZ,True
002538,0,SZ,True
002537,0,SZ,True
002536,0,SZ,True
002535,0,SZ,True
002534,0,SZ,True
002533,0,SZ,True
002532,0,SZ,True
002531,0,SZ,True
002530,0,SZ,True
002529,0,SZ,True
002528,0,SZ,True
002527,0,SZ,True
002526,0,SZ,True
002524,0,SZ,True
002523,0,SZ,True
002522,0,SZ,True
002521,0,SZ,True
002520,0,SZ,True
002519,0,SZ,True
002518,0,SZ,True
002517,0,SZ,True
002516,0,SZ,True
002515,0,SZ,True
002514,0,SZ,True
002513,0,SZ,True
002512,0,SZ,True
002511,0,SZ,True
002510,0,SZ,True
002509,0,SZ,True
002508,0,SZ,True
002507,0,SZ,True
002506,0,SZ,True
002505,0,SZ,True
002504,0,SZ,True
002503,0,SZ,True
002502,0,SZ,True
002501,0,SZ,True
002500,0,SZ,True
002499,0,SZ,True
002498,0,SZ,True
002497,0,SZ,True
002496,0,SZ,True
002495,0,SZ,True
002494,0,SZ,True
002493,0,SZ,True
002492,0,SZ,True
002491,0,SZ,True
002490,0,SZ,True
002489,0,SZ,True
002488,0,SZ,True
002487,0,SZ,True
002486,0,SZ,True
002485,0,SZ,True
002484,0,SZ,True
002483,0,SZ,True
002482,0,SZ,True
002481,0,SZ,True
002480,0,SZ,True
002479,0,SZ,True
002478,0,SZ,True
002477,0,SZ,True
002476,0,SZ,True
002475,0,SZ,True
002474,0,SZ,True
002473,0,SZ,True
002472,0,SZ,True
002471,0,SZ,True
002470,0,SZ,True
002469,0,SZ,True
002468,0,SZ,True
002467,0,SZ,True
002466,0,SZ,True
002465,0,SZ,True
002464,0,SZ,True
002463,0,SZ,True
002462,0,SZ,True
002461,0,SZ,True
002460,0,SZ,True
002459,0,SZ,True
002458,0,SZ,True
002457,0,SZ,True
002456,0,SZ,True
002455,0,SZ,True
002454,0,SZ,True
002453,0,SZ,True
002452,0,SZ,True
002451,0,SZ,True
002450,0,SZ,True
002449,0,SZ,True
002448,0,SZ,True
002447,0,SZ,True
002446,0,SZ,True
002445,0,SZ,True
002444,0,SZ,True
002443,0,SZ,True
002442,0,SZ,True
002441,0,SZ,True
002440,0,SZ,True
002439,0,SZ,True
002438,0,SZ,True
002437,0,SZ,True
002436,0,SZ,True
002435,0,SZ,True
002434,0,SZ,True
002433,0,SZ,True
002432,0,SZ,True
002431,0,SZ,True
002430,0,SZ,True
002429,0,SZ,True
002428,0,SZ,True
002427,0,SZ,True
002426,0,SZ,True
002425,0,SZ,True
002424,0,SZ,True
002423,0,SZ,True
002422,0,SZ,True
002421,0,SZ,True
002420,0,SZ,True
002419,0,SZ,True
002418,0,SZ,True
002417,0,SZ,True
002416,0,SZ,True
002415,0,SZ,True
002414,0,SZ,True
002413,0,SZ,True
002412,0,SZ,True
002411,0,SZ,True
002410,0,SZ,True
002409,0,SZ,True
002408,0,SZ,True
002407,0,SZ,True
002406,0,SZ,True
002405,0,SZ,True
002404,0,SZ,True
002403,0,SZ,True
002402,0,SZ,True
002401,0,SZ,True
002400,0,SZ,True
002399,0,SZ,True
002398,0,SZ,True
002397,0,SZ,True
002396,0,SZ,True
002395,0,SZ,True
002394,0,SZ,True
002393,0,SZ,True
002392,0,SZ,True
002391,0,SZ,True
002390,0,SZ,True
002389,0,SZ,True
002388,0,SZ,True
002387,0,SZ,True
002386,0,SZ,True
002385,0,SZ,True
002384,0,SZ,True
002383,0,SZ,True
002382,0,SZ,True
002381,0,SZ,True
002380,0,SZ,True
002379,0,SZ,True
002378,0,SZ,True
002377,0,SZ,True
002376,0,SZ,True
002375,0,SZ,True
002374,0,SZ,True
002373,0,SZ,True
002372,0,SZ,True
002371,0,SZ,True
002370,0,SZ,True
002369,0,SZ,True
002368,0,SZ,True
002367,0,SZ,True
002366,0,SZ,True
002365,0,SZ,True
002364,0,SZ,True
002363,0,SZ,True
002362,0,SZ,True
002361,0,SZ,True
002360,0,SZ,True
002359,0,SZ,True
002358,0,SZ,True
002357,0,SZ,True
002356,0,SZ,True
002355,0,SZ,True
002354,0,SZ,True
002353,0,SZ,True
002352,0,SZ,True
002351,0,SZ,True
002350,0,SZ,True
002349,0,SZ,True
002348,0,SZ,True
002347,0,SZ,True
002346,0,SZ,True
002345,0,SZ,True
002344,0,SZ,True
002343,0,SZ,True
002342,0,SZ,True
002341,0,SZ,True
002340,0,SZ,True
002339,0,SZ,True
002338,0,SZ,True
002337,0,SZ,True
002336,0,SZ,True
002335,0,SZ,True
002334,0,SZ,True
002333,0,SZ,True
002332,0,SZ,True
002331,0,SZ,True
002330,0,SZ,True
002329,0,SZ,True
002328,0,SZ,True
002327,0,SZ,True
002326,0,SZ,True
002325,0,SZ,True
002324,0,SZ,True
002323,0,SZ,True
002322,0,SZ,True
002321,0,SZ,True
002320,0,SZ,True
002319,0,SZ,True
002318,0,SZ,True
002317,0,SZ,True
002316,0,SZ,True
002315,0,SZ,True
002314,0,SZ,True
002313,0,SZ,True
002312,0,SZ,True
002311,0,SZ,True
002310,0,SZ,True
002309,0,SZ,True
002308,0,SZ,True
002307,0,SZ,True
002306,0,SZ,True
002305,0,SZ,True
002304,0,SZ,True
002303,0,SZ,True
002302,0,SZ,True
002301,0,SZ,True
002300,0,SZ,True
002299,0,SZ,True
002298,0,SZ,True
002297,0,SZ,True
002296,0,SZ,True
002295,0,SZ,True
002294,0,SZ,True
002293,0,SZ,True
002292,0,SZ,True
002291,0,SZ,True
002290,0,SZ,True
002289,0,SZ,True
002288,0,SZ,True
002287,0,SZ,True
002286,0,SZ,True
002285,0,SZ,True
002284,0,SZ,True
002283,0,SZ,True
002282,0,SZ,True
002281,0,SZ,True
002280,0,SZ,True
002279,0,SZ,True
002278,0,SZ,True
002277,0,SZ,True
002276,0,SZ,True
002275,0,SZ,True
002274,0,SZ,True
002273,0,SZ,True
002272,0,SZ,True
002271,0,SZ,True
002270,0,SZ,True
002269,0,SZ,True
002268,0,SZ,True
002267,0,SZ,True
002266,0,SZ,True
002265,0,SZ,True
002264,0,SZ,True
002263,0,SZ,True
002262,0,SZ,True
002261,0,SZ,True
002260,0,SZ,True
002259,0,SZ,True
002258,0,SZ,True
002256,0,SZ,True
002255,0,SZ,True
002254,0,SZ,True
002253,0,SZ,True
002252,0,SZ,True
002251,0,SZ,True
002250,0,SZ,True
002249,0,SZ,True
002248,0,SZ,True
002247,0,SZ,True
002246,0,SZ,True
002245,0,SZ,True
002244,0,SZ,True
002243,0,SZ,True
002242,0,SZ,True
002241,0,SZ,True
002240,0,SZ,True
002239,0,SZ,True
002238,0,SZ,True
002237,0,SZ,True
002236,0,SZ,True
002235,0,SZ,True
002234,0,SZ,True
002233,0,SZ,True
002232,0,SZ,True
002231,0,SZ,True
002230,0,SZ,True
002229,0,SZ,True
002228,0,SZ,True
002227,0,SZ,True
002226,0,SZ,True
002225,0,SZ,True
002224,0,SZ,True
002223,0,SZ,True
002222,0,SZ,True
002221,0,SZ,True
002220,0,SZ,True
002219,0,SZ,True
002218,0,SZ,True
002217,0,SZ,True
002216,0,SZ,True
002215,0,SZ,True
002214,0,SZ,True
002213,0,SZ,True
002212,0,SZ,True
002211,0,SZ,True
002210,0,SZ,True
002209,0,SZ,True
002208,0,SZ,True
002207,0,SZ,True
002206,0,SZ,True
002205,0,SZ,True
002204,0,SZ,True
002203,0,SZ,True
002202,0,SZ,True
002201,0,SZ,True
002200,0,SZ,True
002199,0,SZ,True
002198,0,SZ,True
002197,0,SZ,True
002196,0,SZ,True
002195,0,SZ,True
002194,0,SZ,True
002193,0,SZ,True
002192,0,SZ,True
002191,0,SZ,True
002190,0,SZ,True
002189,0,SZ,True
002188,0,SZ,True
002187,0,SZ,True
002186,0,SZ,True
002185,0,SZ,True
002184,0,SZ,True
002183,0,SZ,True
002182,0,SZ,True
002181,0,SZ,True
002180,0,SZ,True
002179,0,SZ,True
002178,0,SZ,True
002177,0,SZ,True
002176,0,SZ,True
002175,0,SZ,True
002174,0,SZ,True
002173,0,SZ,True
002172,0,SZ,True
002171,0,SZ,True
002170,0,SZ,True
002169,0,SZ,True
002168,0,SZ,True
002167,0,SZ,True
002166,0,SZ,True
002165,0,SZ,True
002164,0,SZ,True
002163,0,SZ,True
002162,0,SZ,True
002161,0,SZ,True
002160,0,SZ,True
002159,0,SZ,True
002158,0,SZ,True
002157,0,SZ,True
002156,0,SZ,True
002155,0,SZ,True
002154,0,SZ,True
002153,0,SZ,True
002152,0,SZ,True
002151,0,SZ,True
002150,0,SZ,True
002149,0,SZ,True
002148,0,SZ,True
002147,0,SZ,True
002146,0,SZ,True
002145,0,SZ,True
002144,0,SZ,True
002143,0,SZ,True
002142,0,SZ,True
002141,0,SZ,True
002140,0,SZ,True
002139,0,SZ,True
002138,0,SZ,True
002137,0,SZ,True
002136,0,SZ,True
002135,0,SZ,True
002134,0,SZ,True
002133,0,SZ,True
002132,0,SZ,True
002131,0,SZ,True
002130,0,SZ,True
002129,0,SZ,True
002128,0,SZ,True
002127,0,SZ,True
002126,0,SZ,True
002125,0,SZ,True
002124,0,SZ,True
002123,0,SZ,True
002122,0,SZ,True
002121,0,SZ,True
002120,0,SZ,True
002119,0,SZ,True
002118,0,SZ,True
002117,0,SZ,True
002116,0,SZ,True
002115,0,SZ,True
002114,0,SZ,True
002113,0,SZ,True
002112,0,SZ,True
002111,0,SZ,True
002110,0,SZ,True
002109,0,SZ,True
002108,0,SZ,True
002107,0,SZ,True
002106,0,SZ,True
002105,0,SZ,True
002104,0,SZ,True
002103,0,SZ,True
002102,0,SZ,True
002101,0,SZ,True
002100,0,SZ,True
002099,0,SZ,True
002098,0,SZ,True
002097,0,SZ,True
002096,0,SZ,True
002095,0,SZ,True
002094,0,SZ,True
002093,0,SZ,True
002092,0,SZ,True
002091,0,SZ,True
002090,0,SZ,True
002089,0,SZ,True
002088,0,SZ,True
002087,0,SZ,True
002086,0,SZ,True
002085,0,SZ,True
002084,0,SZ,True
002083,0,SZ,True
002082,0,SZ,True
002081,0,SZ,True
002080,0,SZ,True
002079,0,SZ,True
002078,0,SZ,True
002077,0,SZ,True
002076,0,SZ,True
002075,0,SZ,True
002074,0,SZ,True
002073,0,SZ,True
002072,0,SZ,True
002071,0,SZ,True
002070,0,SZ,True
002069,0,SZ,True
002068,0,SZ,True
002067,0,SZ,True
002066,0,SZ,True
002065,0,SZ,True
002064,0,SZ,True
002063,0,SZ,True
002062,0,SZ,True
002061,0,SZ,True
002060,0,SZ,True
002059,0,SZ,True
002058,0,SZ,True
002057,0,SZ,True
002056,0,SZ,True
002055,0,SZ,True
002054,0,SZ,True
002053,0,SZ,True
002052,0,SZ,True
002051,0,SZ,True
002050,0,SZ,True
002049,0,SZ,True
002048,0,SZ,True
002047,0,SZ,True
002046,0,SZ,True
002045,0,SZ,True
002044,0,SZ,True
002043,0,SZ,True
002042,0,SZ,True
002041,0,SZ,True
002040,0,SZ,True
002039,0,SZ,True
002038,0,SZ,True
002037,0,SZ,True
002036,0,SZ,True
002035,0,SZ,True
002034,0,SZ,True
002033,0,SZ,True
002032,0,SZ,True
002031,0,SZ,True
002030,0,SZ,True
002029,0,SZ,True
002028,0,SZ,True
002027,0,SZ,True
002026,0,SZ,True
002025,0,SZ,True
002024,0,SZ,True
002023,0,SZ,True
002022,0,SZ,True
002021,0,SZ,True
002020,0,SZ,True
002019,0,SZ,True
002018,0,SZ,True
002017,0,SZ,True
002016,0,SZ,True
002015,0,SZ,True
002014,0,SZ,True
002013,0,SZ,True
002012,0,SZ,True
002011,0,SZ,True
002010,0,SZ,True
002009,0,SZ,True
002008,0,SZ,True
002007,0,SZ,True
002006,0,SZ,True
002005,0,SZ,True
002004,0,SZ,True
002003,0,SZ,True
002002,0,SZ,True
002001,0,SZ,True
001979,0,SZ,True
001965,0,SZ,True
001914,0,SZ,True
001896,0,SZ,True
001872,0,SZ,True
001696,0,SZ,True
001400,0,SZ,True
001395,0,SZ,True
001391,0,SZ,True
001390,0,SZ,True
001389,0,SZ,True
001388,0,SZ,True
001387,0,SZ,True
001382,0,SZ,True
001380,0,SZ,True
001379,0,SZ,True
001378,0,SZ,True
001376,0,SZ,True
001373,0,SZ,True
001368,0,SZ,True
001367,0,SZ,True
001366,0,SZ,True
001360,0,SZ,True
001359,0,SZ,True
001358,0,SZ,True
001356,0,SZ,True
001339,0,SZ,True
001338,0,SZ,True
001337,0,SZ,True
001336,0,SZ,True
001335,0,SZ,True
001333,0,SZ,True
001332,0,SZ,True
001331,0,SZ,True
001330,0,SZ,True
001328,0,SZ,True
001326,0,SZ,True
001324,0,SZ,True
001323,0,SZ,True
001322,0,SZ,True
001319,0,SZ,True
001318,0,SZ,True
001317,0,SZ,True
001316,0,SZ,True
001314,0,SZ,True
001313,0,SZ,True
001311,0,SZ,True
001309,0,SZ,True
001308,0,SZ,True
001306,0,SZ,True
001301,0,SZ,True
001300,0,SZ,True
001299,0,SZ,True
001298,0,SZ,True
001296,0,SZ,True
001289,0,SZ,True
001288,0,SZ,True
001287,0,SZ,True
001286,0,SZ,True
001283,0,SZ,True
001282,0,SZ,True
001279,0,SZ,True
001278,0,SZ,True
001277,0,SZ,True
001270,0,SZ,True
001269,0,SZ,True
001268,0,SZ,True
001267,0,SZ,True
001266,0,SZ,True
001260,0,SZ,True
001259,0,SZ,True
001258,0,SZ,True
001256,0,SZ,True
001255,0,SZ,True
001239,0,SZ,True
001238,0,SZ,True
001236,0,SZ,True
001234,0,SZ,True
001231,0,SZ,True
001230,0,SZ,True
001229,0,SZ,True
001228,0,SZ,True
001227,0,SZ,True
001226,0,SZ,True
001225,0,SZ,True
001223,0,SZ,True
001222,0,SZ,True
001221,0,SZ,True
001219,0,SZ,True
001218,0,SZ,True
001217,0,SZ,True
001216,0,SZ,True
001215,0,SZ,True
001213,0,SZ,True
001212,0,SZ,True
001211,0,SZ,True
001210,0,SZ,True
001209,0,SZ,True
001208,0,SZ,True
001207,0,SZ,True
001206,0,SZ,True
001205,0,SZ,True
001203,0,SZ,True
001202,0,SZ,True
001201,0,SZ,True
000999,0,SZ,True
000998,0,SZ,True
000997,0,SZ,True
000996,0,SZ,True
000995,0,SZ,True
000993,0,SZ,True
000990,0,SZ,True
000989,0,SZ,True
000988,0,SZ,True
000987,0,SZ,True
000985,0,SZ,True
000983,0,SZ,True
000982,0,SZ,True
000981,0,SZ,True
000980,0,SZ,True
000979,0,SZ,True
000978,0,SZ,True
000977,0,SZ,True
000976,0,SZ,True
000975,0,SZ,True
000973,0,SZ,True
000972,0,SZ,True
000971,0,SZ,True
000970,0,SZ,True
000969,0,SZ,True
000968,0,SZ,True
000967,0,SZ,True
000966,0,SZ,True
000965,0,SZ,True
000963,0,SZ,True
000962,0,SZ,True
000961,0,SZ,True
000960,0,SZ,True
000959,0,SZ,True
000958,0,SZ,True
000957,0,SZ,True
000956,0,SZ,True
000955,0,SZ,True
000953,0,SZ,True
000952,0,SZ,True
000951,0,SZ,True
000950,0,SZ,True
000949,0,SZ,True
000948,0,SZ,True
000939,0,SZ,True
000938,0,SZ,True
000937,0,SZ,True
000936,0,SZ,True
000935,0,SZ,True
000933,0,SZ,True
000932,0,SZ,True
000931,0,SZ,True
000930,0,SZ,True
000929,0,SZ,True
000928,0,SZ,True
000927,0,SZ,True
000926,0,SZ,True
000925,0,SZ,True
000923,0,SZ,True
000922,0,SZ,True
000921,0,SZ,True
000920,0,SZ,True
000919,0,SZ,True
000918,0,SZ,True
000917,0,SZ,True
000916,0,SZ,True
000915,0,SZ,True
000913,0,SZ,True
000912,0,SZ,True
000911,0,SZ,True
000910,0,SZ,True
000909,0,SZ,True
000908,0,SZ,True
000906,0,SZ,True
000905,0,SZ,True
000903,0,SZ,True
000902,0,SZ,True
000901,0,SZ,True
000900,0,SZ,True
000899,0,SZ,True
000898,0,SZ,True
000897,0,SZ,True
000895,0,SZ,True
000893,0,SZ,True
000892,0,SZ,True
000890,0,SZ,True
000889,0,SZ,True
000888,0,SZ,True
000887,0,SZ,True
000886,0,SZ,True
000885,0,SZ,True
000883,0,SZ,True
000882,0,SZ,True
000881,0,SZ,True
000880,0,SZ,True
000878,0,SZ,True
000877,0,SZ,True
000876,0,SZ,True
000875,0,SZ,True
000869,0,SZ,True
000868,0,SZ,True
000866,0,SZ,True
000863,0,SZ,True
000862,0,SZ,True
000861,0,SZ,True
000860,0,SZ,True
000859,0,SZ,True
000858,0,SZ,True
000856,0,SZ,True
000852,0,SZ,True
000851,0,SZ,True
000850,0,SZ,True
000848,0,SZ,True
000839,0,SZ,True
000838,0,SZ,True
000837,0,SZ,True
000836,0,SZ,True
000835,0,SZ,True
000833,0,SZ,True
000832,0,SZ,True
000831,0,SZ,True
000830,0,SZ,True
000829,0,SZ,True
000828,0,SZ,True
000827,0,SZ,True
000826,0,SZ,True
000825,0,SZ,True
000823,0,SZ,True
000822,0,SZ,True
000821,0,SZ,True
000820,0,SZ,True
000819,0,SZ,True
000818,0,SZ,True
000817,0,SZ,True
000816,0,SZ,True
000815,0,SZ,True
000813,0,SZ,True
000812,0,SZ,True
000811,0,SZ,True
000810,0,SZ,True
000809,0,SZ,True
000807,0,SZ,True
000806,0,SZ,True
000805,0,SZ,True
000803,0,SZ,True
000802,0,SZ,True
000801,0,SZ,True
000800,0,SZ,True
000799,0,SZ,True
000798,0,SZ,True
000797,0,SZ,True
000796,0,SZ,True
000795,0,SZ,True
000793,0,SZ,True
000792,0,SZ,True
000791,0,SZ,True
000790,0,SZ,True
000789,0,SZ,True
000788,0,SZ,True
000787,0,SZ,True
000786,0,SZ,True
000785,0,SZ,True
000783,0,SZ,True
000782,0,SZ,True
000780,0,SZ,True
000779,0,SZ,True
000778,0,SZ,True
000777,0,SZ,True
000776,0,SZ,True
000769,0,SZ,True
000768,0,SZ,True
000767,0,SZ,True
000766,0,SZ,True
000765,0,SZ,True
000763,0,SZ,True
000762,0,SZ,True
000761,0,SZ,True
000760,0,SZ,True
000759,0,SZ,True
000758,0,SZ,True
000757,0,SZ,True
000756,0,SZ,True
000755,0,SZ,True
000753,0,SZ,True
000752,0,SZ,True
000751,0,SZ,True
000750,0,SZ,True
000748,0,SZ,True
000739,0,SZ,True
000738,0,SZ,True
000737,0,SZ,True
000736,0,SZ,True
000735,0,SZ,True
000733,0,SZ,True
000732,0,SZ,True
000731,0,SZ,True
000730,0,SZ,True
000729,0,SZ,True
000728,0,SZ,True
000727,0,SZ,True
000726,0,SZ,True
000725,0,SZ,True
000723,0,SZ,True
000722,0,SZ,True
000721,0,SZ,True
000720,0,SZ,True
000719,0,SZ,True
000718,0,SZ,True
000717,0,SZ,True
000716,0,SZ,True
000715,0,SZ,True
000713,0,SZ,True
000712,0,SZ,True
000711,0,SZ,True
000710,0,SZ,True
000709,0,SZ,True
000708,0,SZ,True
000707,0,SZ,True
000705,0,SZ,True
000703,0,SZ,True
000702,0,SZ,True
000701,0,SZ,True
000700,0,SZ,True
000699,0,SZ,True
000698,0,SZ,True
000697,0,SZ,True
000695,0,SZ,True
000693,0,SZ,True
000692,0,SZ,True
000691,0,SZ,True
000690,0,SZ,True
000689,0,SZ,True
000688,0,SZ,True
000687,0,SZ,True
000686,0,SZ,True
000685,0,SZ,True
000683,0,SZ,True
000682,0,SZ,True
000681,0,SZ,True
000680,0,SZ,True
000679,0,SZ,True
000678,0,SZ,True
000677,0,SZ,True
000676,0,SZ,True
000675,0,SZ,True
000673,0,SZ,True
000672,0,SZ,True
000671,0,SZ,True
000670,0,SZ,True
000669,0,SZ,True
000668,0,SZ,True
000667,0,SZ,True
000666,0,SZ,True
000665,0,SZ,True
000663,0,SZ,True
000662,0,SZ,True
000661,0,SZ,True
000660,0,SZ,True
000659,0,SZ,True
000658,0,SZ,True
000657,0,SZ,True
000656,0,SZ,True
000655,0,SZ,True
000653,0,SZ,True
000652,0,SZ,True
000651,0,SZ,True
000650,0,SZ,True
000639,0,SZ,True
000638,0,SZ,True
000637,0,SZ,True
000636,0,SZ,True
000635,0,SZ,True
000633,0,SZ,True
000632,0,SZ,True
000631,0,SZ,True
000630,0,SZ,True
000629,0,SZ,True
000628,0,SZ,True
000627,0,SZ,True
000626,0,SZ,True
000625,0,SZ,True
000623,0,SZ,True
000622,0,SZ,True
000621,0,SZ,True
000620,0,SZ,True
000619,0,SZ,True
000618,0,SZ,True
000617,0,SZ,True
000616,0,SZ,True
000615,0,SZ,True
000613,0,SZ,True
000612,0,SZ,True
000611,0,SZ,True
000610,0,SZ,True
000609,0,SZ,True
000608,0,SZ,True
000607,0,SZ,True
000606,0,SZ,True
000605,0,SZ,True
000603,0,SZ,True
000602,0,SZ,True
000601,0,SZ,True
000600,0,SZ,True
000599,0,SZ,True
000598,0,SZ,True
000597,0,SZ,True
000596,0,SZ,True
000595,0,SZ,True
000594,0,SZ,True
000593,0,SZ,True
000592,0,SZ,True
000591,0,SZ,True
000590,0,SZ,True
000589,0,SZ,True
000588,0,SZ,True
000587,0,SZ,True
000586,0,SZ,True
000585,0,SZ,True
000584,0,SZ,True
000583,0,SZ,True
000582,0,SZ,True
000581,0,SZ,True
000578,0,SZ,True
000576,0,SZ,True
000573,0,SZ,True
000572,0,SZ,True
000571,0,SZ,True
000570,0,SZ,True
000569,0,SZ,True
000568,0,SZ,True
000567,0,SZ,True
000566,0,SZ,True
000565,0,SZ,True
000564,0,SZ,True
000563,0,SZ,True
000562,0,SZ,True
000561,0,SZ,True
000560,0,SZ,True
000559,0,SZ,True
000558,0,SZ,True
000557,0,SZ,True
000556,0,SZ,True
000555,0,SZ,True
000554,0,SZ,True
000553,0,SZ,True
000552,0,SZ,True
000551,0,SZ,True
000550,0,SZ,True
000549,0,SZ,True
000548,0,SZ,True
000547,0,SZ,True
000546,0,SZ,True
000545,0,SZ,True
000544,0,SZ,True
000543,0,SZ,True
000542,0,SZ,True
000541,0,SZ,True
000540,0,SZ,True
000539,0,SZ,True
000538,0,SZ,True
000537,0,SZ,True
000536,0,SZ,True
000535,0,SZ,True
000534,0,SZ,True
000533,0,SZ,True
000532,0,SZ,True
000531,0,SZ,True
000530,0,SZ,True
000529,0,SZ,True
000528,0,SZ,True
000527,0,SZ,True
000526,0,SZ,True
000525,0,SZ,True
000524,0,SZ,True
000523,0,SZ,True
000522,0,SZ,True
000521,0,SZ,True
000520,0,SZ,True
000519,0,SZ,True
000518,0,SZ,True
000517,0,SZ,True
000516,0,SZ,True
000515,0,SZ,True
000514,0,SZ,True
000513,0,SZ,True
000511,0,SZ,True
000510,0,SZ,True
000509,0,SZ,True
000508,0,SZ,False
000507,0,SZ,True
000506,0,SZ,True
000505,0,SZ,True
000504,0,SZ,True
000503,0,SZ,True
000502,0,SZ,True
000501,0,SZ,True
000498,0,SZ,True
000488,0,SZ,True
000430,0,SZ,True
000429,0,SZ,True
000428,0,SZ,True
000426,0,SZ,True
000425,0,SZ,True
000423,0,SZ,True
000422,0,SZ,True
000421,0,SZ,True
000420,0,SZ,True
000419,0,SZ,True
000418,0,SZ,True
000417,0,SZ,True
000416,0,SZ,True
000415,0,SZ,True
000413,0,SZ,True
000412,0,SZ,True
000411,0,SZ,True
000410,0,SZ,True
000409,0,SZ,True
000408,0,SZ,True
000407,0,SZ,True
000406,0,SZ,True
000405,0,SZ,True
000404,0,SZ,True
000403,0,SZ,True
000402,0,SZ,True
000401,0,SZ,True
000400,0,SZ,True
000338,0,SZ,True
000333,0,SZ,True
000301,0,SZ,True
000166,0,SZ,True
000159,0,SZ,True
000158,0,SZ,True
000157,0,SZ,True
000156,0,SZ,True
000155,0,SZ,True
000153,0,SZ,True
000151,0,SZ,True
000150,0,SZ,True
000100,0,SZ,True
000099,0,SZ,True
000096,0,SZ,True
000090,0,SZ,True
000089,0,SZ,True
000088,0,SZ,True
000078,0,SZ,True
000070,0,SZ,True
000069,0,SZ,True
000068,0,SZ,True
000066,0,SZ,True
000065,0,SZ,True
000063,0,SZ,True
000062,0,SZ,True
000061,0,SZ,True
000060,0,SZ,True
000059,0,SZ,True
000058,0,SZ,True
000056,0,SZ,True
000055,0,SZ,True
000050,0,SZ,True
000049,0,SZ,True
000048,0,SZ,True
000047,0,SZ,True
000046,0,SZ,True
000045,0,SZ,True
000042,0,SZ,True
000040,0,SZ,True
000039,0,SZ,True
000038,0,SZ,True
000037,0,SZ,True
000036,0,SZ,True
000035,0,SZ,True
000034,0,SZ,True
000033,0,SZ,True
000032,0,SZ,True
000031,0,SZ,True
000030,0,SZ,True
000029,0,SZ,True
000028,0,SZ,True
000027,0,SZ,True
000026,0,SZ,True
000025,0,SZ,True
000024,0,SZ,True
000023,0,SZ,True
000021,0,SZ,True
000020,0,SZ,True
000019,0,SZ,True
000018,0,SZ,True
000017,0,SZ,True
000016,0,SZ,True
000015,0,SZ,True
000014,0,SZ,True
000013,0,SZ,True
000012,0,SZ,True
000011,0,SZ,True
000010,0,SZ,True
000009,0,SZ,True
000008,0,SZ,True
000007,0,SZ,True
000006,0,SZ,True
000005,0,SZ,True
000004,0,SZ,True
000003,0,SZ,True
000002,0,SZ,True
000001,0,SZ,True
920819,0,BJ,False
920799,0,BJ,False
920682,0,BJ,False
920489,0,BJ,False
920445,0,BJ,False
920167,0,BJ,False
920128,0,BJ,False
920118,0,BJ,False
920116,0,BJ,False
920112,0,BJ,False
920111,0,BJ,False
920108,0,BJ,False
920106,0,BJ,False
920101,0,BJ,False
920099,0,BJ,False
920098,0,BJ,False
920088,0,BJ,False
920082,0,BJ,False
920068,0,BJ,False
920066,0,BJ,False
920060,0,BJ,False
920056,0,BJ,False
920037,0,BJ,False
920029,0,BJ,False
920027,0,BJ,False
920019,0,BJ,False
920018,0,BJ,False
920016,0,BJ,False
920008,0,BJ,False
920007,0,BJ,False
920005,0,BJ,False
920002,0,BJ,False
873833,0,BJ,False
873806,0,BJ,False
873726,0,BJ,False
873706,0,BJ,False
873703,0,BJ,False
873693,0,BJ,False
873690,0,BJ,False
873679,0,BJ,False
873665,0,BJ,False
873593,0,BJ,False
873576,0,BJ,False
873570,0,BJ,False
873527,0,BJ,False
873339,0,BJ,False
873305,0,BJ,False
873223,0,BJ,False
873169,0,BJ,False
873167,0,BJ,False
873152,0,BJ,False
873132,0,BJ,False
873122,0,BJ,False
873001,0,BJ,False
872953,0,BJ,False
872931,0,BJ,False
872925,0,BJ,False
872895,0,BJ,False
872808,0,BJ,False
872541,0,BJ,False
872392,0,BJ,False
872374,0,BJ,False
872351,0,BJ,False
872190,0,BJ,False
871981,0,BJ,False
871970,0,BJ,False
871857,0,BJ,False
871753,0,BJ,False
871694,0,BJ,False
871642,0,BJ,False
871634,0,BJ,False
871553,0,BJ,False
871478,0,BJ,False
871396,0,BJ,False
871263,0,BJ,False
871245,0,BJ,False
870976,0,BJ,False
870866,0,BJ,False
870726,0,BJ,False
870656,0,BJ,False
870508,0,BJ,False
870436,0,BJ,False
870357,0,BJ,False
870299,0,BJ,False
870204,0,BJ,False
870199,0,BJ,False
839946,0,BJ,False
839792,0,BJ,False
839790,0,BJ,False
839729,0,BJ,False
839725,0,BJ,False
839719,0,BJ,False
839680,0,BJ,False
839493,0,BJ,False
839371,0,BJ,False
839273,0,BJ,False
838971,0,BJ,False
838924,0,BJ,False
838837,0,BJ,False
838810,0,BJ,False
838701,0,BJ,False
838670,0,BJ,False
838402,0,BJ,False
838275,0,BJ,False
838262,0,BJ,False
838227,0,BJ,False
838171,0,BJ,False
838163,0,BJ,False
838030,0,BJ,False
837821,0,BJ,False
837748,0,BJ,False
837663,0,BJ,False
837592,0,BJ,False
837403,0,BJ,False
837344,0,BJ,False
837242,0,BJ,False
837212,0,BJ,False
837174,0,BJ,False
837092,0,BJ,False
837046,0,BJ,False
837023,0,BJ,False
837006,0,BJ,False
836961,0,BJ,False
836957,0,BJ,False
836942,0,BJ,False
836892,0,BJ,False
836871,0,BJ,False
836826,0,BJ,False
836807,0,BJ,False
836720,0,BJ,False
836717,0,BJ,False
836699,0,BJ,False
836675,0,BJ,False
836547,0,BJ,False
836504,0,BJ,False
836433,0,BJ,False
836422,0,BJ,False
836419,0,BJ,False
836414,0,BJ,False
836395,0,BJ,False
836270,0,BJ,False
836263,0,BJ,False
836260,0,BJ,False
836247,0,BJ,False
836239,0,BJ,False
836221,0,BJ,False
836208,0,BJ,False
836149,0,BJ,False
836077,0,BJ,False
835985,0,BJ,False
835892,0,BJ,False
835857,0,BJ,False
835670,0,BJ,False
835640,0,BJ,False
835579,0,BJ,False
835508,0,BJ,False
835438,0,BJ,False
835368,0,BJ,False
835305,0,BJ,False
835237,0,BJ,False
835207,0,BJ,False
835185,0,BJ,False
835184,0,BJ,False
835179,0,BJ,False
835174,0,BJ,False
834950,0,BJ,False
834770,0,BJ,False
834765,0,BJ,False
834639,0,BJ,False
834599,0,BJ,False
834475,0,BJ,False
834415,0,BJ,False
834407,0,BJ,False
834261,0,BJ,False
834062,0,BJ,False
834058,0,BJ,False
834033,0,BJ,False
834021,0,BJ,False
834014,0,BJ,False
833994,0,BJ,False
833943,0,BJ,False
833914,0,BJ,False
833874,0,BJ,False
833873,0,BJ,False
833781,0,BJ,False
833751,0,BJ,False
833580,0,BJ,False
833575,0,BJ,False
833533,0,BJ,False
833523,0,BJ,False
833509,0,BJ,False
833455,0,BJ,False
833454,0,BJ,False
833429,0,BJ,False
833427,0,BJ,False
833394,0,BJ,False
833346,0,BJ,False
833284,0,BJ,False
833266,0,BJ,False
833230,0,BJ,False
833171,0,BJ,False
833075,0,BJ,False
833030,0,BJ,False
832982,0,BJ,False
832978,0,BJ,False
832885,0,BJ,False
832876,0,BJ,False
832802,0,BJ,False
832786,0,BJ,False
832735,0,BJ,False
832662,0,BJ,False
832651,0,BJ,False
832566,0,BJ,False
832522,0,BJ,False
832491,0,BJ,False
832471,0,BJ,False
832469,0,BJ,False
832419,0,BJ,False
832317,0,BJ,False
832278,0,BJ,False
832225,0,BJ,False
832175,0,BJ,False
832171,0,BJ,False
832149,0,BJ,False
832145,0,BJ,False
832110,0,BJ,False
832089,0,BJ,False
832023,0,BJ,False
832000,0,BJ,False
831961,0,BJ,False
831906,0,BJ,False
831856,0,BJ,False
831855,0,BJ,False
831834,0,BJ,False
831832,0,BJ,False
831768,0,BJ,False
831726,0,BJ,False
831689,0,BJ,False
831641,0,BJ,False
831627,0,BJ,False
831526,0,BJ,False
831396,0,BJ,False
831370,0,BJ,False
831305,0,BJ,False
831304,0,BJ,False
831278,0,BJ,False
831195,0,BJ,False
831175,0,BJ,False
831167,0,BJ,False
831152,0,BJ,False
831087,0,BJ,False
831039,0,BJ,False
831010,0,BJ,False
830974,0,BJ,False
830964,0,BJ,False
830946,0,BJ,False
830896,0,BJ,False
830879,0,BJ,False
830839,0,BJ,False
830832,0,BJ,False
830809,0,BJ,False
830779,0,BJ,False
430718,0,BJ,False
430685,0,BJ,False
430564,0,BJ,False
430556,0,BJ,False
430510,0,BJ,False
430478,0,BJ,False
430476,0,BJ,False
430425,0,BJ,False
430418,0,BJ,False
430300,0,BJ,False
430198,0,BJ,False
430139,0,BJ,False
430090,0,BJ,False
430047,0,BJ,False
430017,0,BJ,False
